"UserID","full","sur","family","Photo","active","date","place","Gender","Education (qualifications and diplomas)"
197811,"Shaffaq MOHAMMED","Shaffaq","MOHAMMED","https://www.europarl.europa.eu/mepphoto/197811.jpg",FALSE,"1972-07-21T00:00:00","Mirpur","M",""
197704,"Brian MONTEITH","Brian","MONTEITH","https://www.europarl.europa.eu/mepphoto/197704.jpg",FALSE,"1958-01-08T00:00:00","Edinburgh","M",""
197711,"Dolors MONTSERRAT","Dolors","MONTSERRAT","https://www.europarl.europa.eu/mepphoto/197711.jpg",TRUE,"1973-09-18T00:00:00","Barcelona","F","Graduate in law, Abat Oliba CEU University (Barcelona), Studied final year of law degree at the Università degli Studi di Ferrara (Italy) under the ERASMUS programme, Master’s degree from the School of Legal Practice of the Barcelona Bar Association, Community Agricultural Law Programme at the Università degli Studi di Ferrara (Italy), Postgraduate degree in Urban and Real Estate Law from the Pompeu Fabra University (Barcelona), Postgraduate course in Family Mediation and Contract Negotiation, University of Barcelona, Programme in Real Estate and Urban Planning Law, ESADE, Programme in Real Estate Management, IESE, Orientation Course in the United States (Memphis, Tennessee), Studied basic German at the University of Freiburg (Germany)"
197427,"Marlene MORTLER","Marlene","MORTLER","https://www.europarl.europa.eu/mepphoto/197427.jpg",TRUE,"1955-10-16T00:00:00","Lauf","F",""
197647,"Dan-Ştefan MOTREANU","Dan-Ştefan","MOTREANU","https://www.europarl.europa.eu/mepphoto/197647.jpg",TRUE,"1970-09-11T00:00:00","Orastie","M","1995 : Graduate Diploma in Philosophy and History, West University of Timişoara, 1998 : Development of Entrepreneurship Skills, University of Neuchâtel – Romanian Swiss Entrepreneurship Foundation, 1998-1999 : Management of European Funds course, European Commission, 2001 : Diploma in Public Administration Management, Babeş-Bolyai University, Cluj-Napoca, 2005 : National Defence College"
197541,"Andżelika Anna MOŻDŻANOWSKA","Andżelika Anna","MOŻDŻANOWSKA","https://www.europarl.europa.eu/mepphoto/197541.jpg",TRUE,"1975-03-20T00:00:00","Kępno","F",""
197603,"June Alison MUMMERY","June Alison","MUMMERY","https://www.europarl.europa.eu/mepphoto/197603.jpg",FALSE,"1964-01-30T00:00:00","Lowestoft","F",""
197604,"Lucy NETHSINGHA","Lucy","NETHSINGHA","https://www.europarl.europa.eu/mepphoto/197604.jpg",FALSE,"1973-02-06T00:00:00","Southampton","F",""
197464,"Hannah NEUMANN","Hannah","NEUMANN","https://www.europarl.europa.eu/mepphoto/197464.jpg",TRUE,"1984-04-03T00:00:00","Speyer","F","2008-2013 : PhD in Politics and Peace and Conflict Studies, Free University of Berlin in cooperation with the University of Liberia and Notre Dame University Cotabato (Philippines), 2009-2012 : Project leader for the research project ‘Peacebuilding als Suche nach dem, was ist’ (Peacebuilding as a search for what is), University of Oldenburg, University of Liberia, Notre Dame University at Cotobato, 2008-2012 : Master’s degree in political science with a focus on international relations, 2002-2007 : Degree in applied media studies, Ilmenau University of Technology"
197465,"Niklas NIENASS","Niklas","NIENASS","https://www.europarl.europa.eu/mepphoto/197465.jpg",TRUE,"1992-04-14T00:00:00","Marl","M",""
197802,"Ville NIINISTÖ","Ville","NIINISTÖ","https://www.europarl.europa.eu/mepphoto/197802.jpg",TRUE,"1976-07-30T00:00:00",NA,"M","1996-2003 : Master’s degree in Political Science and Political History, University of Turku, 1992-1995 : Student, Kaarina High School"
197734,"Lefteris NIKOLAOU-ALAVANOS","Lefteris","NIKOLAOU-ALAVANOS","https://www.europarl.europa.eu/mepphoto/197734.jpg",TRUE,"1985-02-07T00:00:00","Athens","M",""
197889,"Grace O'SULLIVAN","Grace","O'SULLIVAN","https://www.europarl.europa.eu/mepphoto/197889.jpg",TRUE,"1962-03-08T00:00:00","Waterford","F",""
197542,"Janina OCHOJSKA","Janina","OCHOJSKA","https://www.europarl.europa.eu/mepphoto/197542.jpg",TRUE,"1955-03-12T00:00:00","Gdánsk","F","1974-1980 : Master’s degree in astronomy, Nicolaus Copernicus University, Toruń"
197432,"Jan-Christoph OETJEN","Jan-Christoph","OETJEN","https://www.europarl.europa.eu/mepphoto/197432.jpg",TRUE,"1978-02-21T00:00:00","Rotenburg (Wümme)","M","1999-2003 : Studied economics (course not completed)"
197838,"Juozas OLEKAS","Juozas","OLEKAS","https://www.europarl.europa.eu/mepphoto/197838.jpg",TRUE,"1955-10-30T00:00:00","Mazas Ungutas","M",""
197687,"Philippe OLIVIER","Philippe","OLIVIER","https://www.europarl.europa.eu/mepphoto/197687.jpg",TRUE,"1961-08-30T00:00:00","Juvisy sur Orge","M",""
197712,"Henrik OVERGAARD NIELSEN","Henrik","OVERGAARD NIELSEN","https://www.europarl.europa.eu/mepphoto/197712.jpg",FALSE,"1959-08-02T00:00:00","Frederiksberg","M",""
99283,"Alessandro PANZA","Alessandro","PANZA","https://www.europarl.europa.eu/mepphoto/99283.jpg",TRUE,"1982-05-15T00:00:00","Domodossola","M",""
197620,"Matthew PATTEN","Matthew","PATTEN","https://www.europarl.europa.eu/mepphoto/197620.jpg",FALSE,"1962-05-21T00:00:00","Bishops Stortford","M",""
197466,"Jutta PAULUS","Jutta","PAULUS","https://www.europarl.europa.eu/mepphoto/197466.jpg",TRUE,"1967-05-09T00:00:00","Giessen","F",""
197420,"Kris PEETERS","Kris","PEETERS","https://www.europarl.europa.eu/mepphoto/197420.jpg",FALSE,"1962-05-18T00:00:00","REET","M","Qualifications and diplomas: Special master’s degree in Accountancy and Tax Law, Vlerick Management School, Ghent, Qualifications and diplomas: Master’s degree in Law, University of Antwerp, Antwerp, Qualifications and diplomas: First degree in Philosophy, University of Antwerp, Antwerp"
197563,"Mauri PEKKARINEN","Mauri","PEKKARINEN","https://www.europarl.europa.eu/mepphoto/197563.jpg",TRUE,"1947-10-06T00:00:00","Kinnula","M","1974 : Master of Social Sciences, University of Jyväskylä, 1968 : Upper secondary school graduate, Kannus co-educational secondary school"
197539,"Mikuláš PEKSA","Mikuláš","PEKSA","https://www.europarl.europa.eu/mepphoto/197539.jpg",TRUE,"1986-06-18T00:00:00","Praha","M",""
197845,"Tsvetelina PENKOVA","Tsvetelina","PENKOVA","https://www.europarl.europa.eu/mepphoto/197845.jpg",TRUE,"1988-02-19T00:00:00","Sofia","F","2013-2014 : University of Oxford, MSc in Financial Economics (Oxford, United Kingdom), 2009-2013 : Double Degree in International Business: Bocconi University, BSc in International Economics, Management and Finance (Milan, Italy); Central European University, BA in Business Administration (Budapest, Hungary)"
197527,"Anne-Sophie PELLETIER","Anne-Sophie","PELLETIER","https://www.europarl.europa.eu/mepphoto/197527.jpg",TRUE,"1976-02-05T00:00:00","Besançon","F",""
197754,"Sandra PEREIRA","Sandra","PEREIRA","https://www.europarl.europa.eu/mepphoto/197754.jpg",TRUE,"1977-03-18T00:00:00",NA,"F",""
197738,"Lídia PEREIRA","Lídia","PEREIRA","https://www.europarl.europa.eu/mepphoto/197738.jpg",TRUE,"1991-07-26T00:00:00","Se Nova","F",""
197573,"Kira Marie PETER-HANSEN","Kira Marie","PETER-HANSEN","https://www.europarl.europa.eu/mepphoto/197573.jpg",TRUE,"1998-02-23T00:00:00","Frederiksberg C","F",""
197710,"Alexandra Louise Rosenfield PHILLIPS","Alexandra Louise Rosenfield","PHILLIPS","https://www.europarl.europa.eu/mepphoto/197710.jpg",FALSE,"1985-07-09T00:00:00","Liverpool","F",""
99461,"Alexandra Lesley PHILLIPS","Alexandra Lesley","PHILLIPS","https://www.europarl.europa.eu/mepphoto/99461.jpg",FALSE,"1983-12-26T00:00:00","Gloucester","F",""
197619,"Sabrina PIGNEDOLI","Sabrina","PIGNEDOLI","https://www.europarl.europa.eu/mepphoto/197619.jpg",TRUE,"1983-10-24T00:00:00","Castelnovo ne' Monti","F","07/11/2017- ... : Sapienza University of Rome, PhD in Communication, social research and marketing, 16/09/2013-24/03/2015 : University of Modena and Reggio Emilia, Master's in Economics and Business and Public Administration Law, specialisation in international business and law, 23/09/2007-10/09/2009 : University of Bologna, School of Advanced Journalism Studies, 12/10/2005-04/07/2007 : University of Bologna, Master's in Cinema, Television and Multimedia Production, 19/09/2002-18/07/2005 : University of Bologna, Bachelor degree in DAMS (Drama, Art and Music Studies) - Cinema, 08/09/1997-13/06/2002 : Istituto scolastico ‘Dall'Aglio’ di Castelnovo ne’ Monti (Reggio Emilia), scientific high school with IT specialisation"
197828,"Manu PINEDA","Manu","PINEDA","https://www.europarl.europa.eu/mepphoto/197828.jpg",TRUE,"1965-09-02T00:00:00",NA,"M",""
197629,"Maxette PIRBAKAS","Maxette","PIRBAKAS","https://www.europarl.europa.eu/mepphoto/197629.jpg",TRUE,"1975-04-14T00:00:00","Pointe-à-Pitre","F",""
197590,"Giuliano PISAPIA","Giuliano","PISAPIA","https://www.europarl.europa.eu/mepphoto/197590.jpg",TRUE,"1949-05-20T00:00:00","Milano","M","Degree in law from the University of Milan, Degree in political science from the University of Milan"
197663,"Dragoş PÎSLARU","Dragoş","PÎSLARU","https://www.europarl.europa.eu/mepphoto/197663.jpg",TRUE,"1976-03-23T00:00:00","București","M","10/2007-10/2013 : doctorate in economics – Romanian Academy of Sciences, National Institute of Economic Research (INCE), 04/2006-06/2006 : public policy evaluation specialist, ‘Public Policies and Planning - Evaluation’ – course run under the auspices of the Ministry of Finance (PHARE project coordinated by GDSI – Ireland) and accredited by Galway National University, Ireland (NUIG), 10/1999-09/2000 : Master of Science (MSc) in International Relations – London School of Economics and Political Science, London, Great Britain, 10/1998-10/1999 : postgraduate course in ‘In-depth studies in European integration’ – Bucharest Academy of Economic Studies, Faculty of International Economic Relations, 10/1994-09/1998 : degree in International Economics – Bucharest Academy of Economic Studies, Faculty of International Economic Relations"
197732,"Manuel PIZARRO","Manuel","PIZARRO","https://www.europarl.europa.eu/mepphoto/197732.jpg",FALSE,"1964-02-02T00:00:00","Porto","M",""
197404,"Jessica POLFJÄRD","Jessica","POLFJÄRD","https://www.europarl.europa.eu/mepphoto/197404.jpg",TRUE,"1971-05-27T00:00:00","Västerås","F",""
197765,"Peter POLLÁK","Peter","POLLÁK","https://www.europarl.europa.eu/mepphoto/197765.jpg",TRUE,"1973-04-20T00:00:00","Levoca","M",""
197700,"Luisa PORRITT","Luisa","PORRITT","https://www.europarl.europa.eu/mepphoto/197700.jpg",FALSE,"1987-05-23T00:00:00","London","F",""
197820,"Nicola PROCACCINI","Nicola","PROCACCINI","https://www.europarl.europa.eu/mepphoto/197820.jpg",TRUE,"1976-01-21T00:00:00","Roma","M","1994 : school-leaving certificate from Leonardo da Vinci ‘liceo classico’ (secondary school specialising in classical subjects) in Terracina, 2002 : law degree from La Sapienza University, Rome, with a thesis on administrative law"
197813,"Jake PUGH","Jake","PUGH","https://www.europarl.europa.eu/mepphoto/197813.jpg",FALSE,"1960-10-20T00:00:00","PEMBURY","M",""
197764,"Miroslav RADAČOVSKÝ","Miroslav","RADAČOVSKÝ","https://www.europarl.europa.eu/mepphoto/197764.jpg",TRUE,"1953-09-24T00:00:00","Lutina","M","1973-1978 : Faculty of Law, Pavol Jozef Šafárik University, Košice, 1978-1981 : District Court - judicial examination, 1978-1981 : Regional Court - Notary Public, 1978-1981 : District Prosecutor’s Office, 1978-1981 : Legal advisory office, 1981-1981 : Faculty of Law, Pavol Jozef Šafárik University, Košice - rigorous examination"
197868,"Samira RAFAELA","Samira","RAFAELA","https://www.europarl.europa.eu/mepphoto/197868.jpg",TRUE,"1989-02-11T00:00:00","ZOETERMEER","F",""
197544,"Elżbieta RAFALSKA","Elżbieta","RAFALSKA","https://www.europarl.europa.eu/mepphoto/197544.jpg",TRUE,"1955-06-22T00:00:00","Wschowa","F",""
197612,"Annunziata Mary REES-MOGG","Annunziata Mary","REES-MOGG","https://www.europarl.europa.eu/mepphoto/197612.jpg",FALSE,"1979-03-25T00:00:00","Bath","F",""
197790,"Luisa REGIMENTI","Luisa","REGIMENTI","https://www.europarl.europa.eu/mepphoto/197790.jpg",FALSE,"1958-06-05T00:00:00","Roma","F","1986-1986 : Degree in Medicine and Surgery - ‘La Sapienza’ University, Rome, 1986-1989 : MA in Forensic and Insurance Medicine - ‘La Sapienza’ University, Rome – Institute of Forensic and Insurance Medicine"
197681,"Sira REGO","Sira","REGO","https://www.europarl.europa.eu/mepphoto/197681.jpg",FALSE,"1973-11-20T00:00:00","Valencia","F","09/2001-06/2004 : Degree in Nutrition, Autonomous University of Madrid"
197488,"Guido REIL","Guido","REIL","https://www.europarl.europa.eu/mepphoto/197488.jpg",TRUE,"1970-01-19T00:00:00","GELSENKIRCHEN","M",""
197413,"Karlo RESSLER","Karlo","RESSLER","https://www.europarl.europa.eu/mepphoto/197413.jpg",TRUE,"1989-12-26T00:00:00","Zagreb","M",""
197832,"Diana RIBA I GINER","Diana","RIBA I GINER","https://www.europarl.europa.eu/mepphoto/197832.jpg",TRUE,"1975-02-21T00:00:00","Barcelona","F",""
197787,"Antonio Maria RINALDI","Antonio Maria","RINALDI","https://www.europarl.europa.eu/mepphoto/197787.jpg",TRUE,"1955-02-27T00:00:00","Roma","M","1973 : Secondary school-leaving certificate in scientific subjects from the San Giuseppe De Merode Institute of the Fratelli delle Scuole Cristiane (FSC – Fratres Scholarum Christianorum), Rome, 1979 : Degree in Economics from LUISS University in Rome. Thesis on economic and financial planning, entitled ‘Causes of diversification and ongoing evolution of organisational structures in the FIAT Group’, 1979-1980 : Completion of military service as a reserve officer of the Guardia di Finanza military corps"
197815,"Sheila RITCHIE","Sheila","RITCHIE","https://www.europarl.europa.eu/mepphoto/197815.jpg",FALSE,"1957-05-18T00:00:00","Perth","F","1979 : LLB (University of Aberdeen)"
197615,"Jérôme RIVIÈRE","Jérôme","RIVIÈRE","https://www.europarl.europa.eu/mepphoto/197615.jpg",TRUE,"1964-07-08T00:00:00","SURESNES","M",""
197801,"Franco ROBERTI","Franco","ROBERTI","https://www.europarl.europa.eu/mepphoto/197801.jpg",TRUE,"1947-11-16T00:00:00","Napoli","M",""
197785,"Eugenia RODRÍGUEZ PALOP","Eugenia","RODRÍGUEZ PALOP","https://www.europarl.europa.eu/mepphoto/197785.jpg",TRUE,"1970-03-09T00:00:00","Llerena","F",""
197584,"Sándor RÓNAI","Sándor","RÓNAI","https://www.europarl.europa.eu/mepphoto/197584.jpg",TRUE,"1988-11-22T00:00:00","Budapest","M",""
197776,"Rob ROOKEN","Rob","ROOKEN","https://www.europarl.europa.eu/mepphoto/197776.jpg",TRUE,"1969-10-05T00:00:00","Groningen","M",""
197792,"Daniela RONDINELLI","Daniela","RONDINELLI","https://www.europarl.europa.eu/mepphoto/197792.jpg",TRUE,"1967-08-19T00:00:00","Roma","F","25/09/2017-29/09/2017 : Amerigo for Law course – Fordham University School of Law, New York – Introduction to the US judicial system, business restructuring, data security and cybercrime, international financial crime, mergers and acquisitions and private equity in Italy and the United States: a judicial and commercial comparison, international arbitration., 07/2006 : course in trade unions and globalisation at the Turin Office of the International Labour Organisation – Analysis of globalisation processes from a political, economic and social perspective., 02/2006-06/2006 : high-level training at the Italian Ministry of Labour and Social Policy, Rome – Gender policies, mainstreaming, leadership and communication., 01/07/2005-04/08/2005 : International Visitor Leadership Programme, US State Department, Washington – labour law, the economy, the labour market, industrial relations, social security systems, pension funds (Washington, Chicago, Denver, New Orleans, Raleigh)., 02/1990-05/1990 : Erasmus programme – Social security systems in EEC countries – Faculty of Law of the University of Leuven, Belgium., 09/1987-07/1991 : Political Science degree (cum laude) from Guido Carli International University of Social Studies (LUISS), Rome – Industrial Relations – Department of Labour Law – final thesis entitled: ‘European social dialogue’."
197506,"Caroline ROOSE","Caroline","ROOSE","https://www.europarl.europa.eu/mepphoto/197506.jpg",TRUE,"1968-11-10T00:00:00","Oostende","F",""
197709,"Robert ROOS","Robert","ROOS","https://www.europarl.europa.eu/mepphoto/197709.jpg",TRUE,"1966-08-02T00:00:00","Rotterdam","M",""
197690,"André ROUGÉ","André","ROUGÉ","https://www.europarl.europa.eu/mepphoto/197690.jpg",TRUE,"1961-12-23T00:00:00","Paris","M",""
197602,"Catherine ROWETT","Catherine","ROWETT","https://www.europarl.europa.eu/mepphoto/197602.jpg",FALSE,"1956-12-29T00:00:00","Yeovil","F",""
197733,"Robert ROWLAND","Robert","ROWLAND","https://www.europarl.europa.eu/mepphoto/197733.jpg",FALSE,"1966-02-28T00:00:00","BOWDON","M",""
197773,"Bert-Jan RUISSEN","Bert-Jan","RUISSEN","https://www.europarl.europa.eu/mepphoto/197773.jpg",TRUE,"1972-03-22T00:00:00","Reimerswaal","M",""
127096,"Domènec RUIZ DEVESA","Domènec","RUIZ DEVESA","https://www.europarl.europa.eu/mepphoto/127096.jpg",TRUE,"1978-03-03T00:00:00","ALICANTE","M","01/09/1997-01/07/2002 : Bachelor's (Honours) in Law and Economics - University Carlos III of Madrid, 01/09/1998-01/07/2002 : Political Sciences and Sociology - National Distance Education University (UNED), Master of Arts - American Foreign Policy; European Studies - John Hopkins University"
197545,"Bogdan RZOŃCA","Bogdan","RZOŃCA","https://www.europarl.europa.eu/mepphoto/197545.jpg",TRUE,"1961-02-01T00:00:00","Zarzecze","M",""
197722,"Nacho SÁNCHEZ AMOR","Nacho","SÁNCHEZ AMOR","https://www.europarl.europa.eu/mepphoto/197722.jpg",TRUE,"1960-05-15T00:00:00","Cáceres","M","1978-1984 : Graduated in law at Complutense University of Madrid, 1984-1986 : Fellow of the Centre for Constitutional Studies of Private Office of the Prime Minister of Spain"
197650,"Isabel SANTOS","Isabel","SANTOS","https://www.europarl.europa.eu/mepphoto/197650.jpg",TRUE,"1968-02-12T00:00:00","Gondomar","F",""
197578,"Silvia SARDONE","Silvia","SARDONE","https://www.europarl.europa.eu/mepphoto/197578.jpg",TRUE,"1982-12-25T00:00:00",NA,"F",""
197500,"Mounir SATOURI","Mounir","SATOURI","https://www.europarl.europa.eu/mepphoto/197500.jpg",TRUE,"1975-05-25T00:00:00","Casablanca","M",""
197670,"Andreas SCHIEDER","Andreas","SCHIEDER","https://www.europarl.europa.eu/mepphoto/197670.jpg",TRUE,"1969-04-16T00:00:00","Wien","M","1990-2002 : Master’s degree in economics from the University of Vienna (Mag. rer. soc. oec.), 1990-1991 : Non-military national service, 1979-1988 : High schools in Vienna, 1975-1979 : Primary school in Vienna"
197656,"Simone SCHMIEDTBAUER","Simone","SCHMIEDTBAUER","https://www.europarl.europa.eu/mepphoto/197656.jpg",FALSE,"1974-06-08T00:00:00","GRAZ","F",""
197428,"Nicolas SCHMIT","Nicolas","SCHMIT","https://www.europarl.europa.eu/mepphoto/197428.jpg",FALSE,"1953-12-10T00:00:00","Differdange","M","1982 : Doctorate in International Economic Relations, Faculty of Law and Economics, University of Aix-Marseille, 1978 : DEA (post-graduate diploma of advanced studies) in International Economics, 1977 : MA in French Literature, University of Aix-Marseille, 1976 : BA in Political Studies, Institut d’études politiques d’Aix-en-Provence, 1973 : Diplôme de fin d’études secondaires luxembourgeois (Luxembourgish secondary school diploma), Lycée de Garçons Esch-sur-Alzette"
197422,"Christine SCHNEIDER","Christine","SCHNEIDER","https://www.europarl.europa.eu/mepphoto/197422.jpg",TRUE,"1972-06-05T00:00:00","Landau","F","Higher school-leaving certificate, Max-Slevogt-Gymnasium, Landau, Joinery apprenticeship at Schreinerei Blumeyer in Maikammer, Start of timber engineering studies at Mosbach Vocational Academy"
197869,"Liesje SCHREINEMACHER","Liesje","SCHREINEMACHER","https://www.europarl.europa.eu/mepphoto/197869.jpg",FALSE,"1983-05-13T00:00:00","Rotterdam","F",""
197425,"Ralf SEEKATZ","Ralf","SEEKATZ","https://www.europarl.europa.eu/mepphoto/197425.jpg",TRUE,"1972-11-10T00:00:00","DERNBACH","M","1993 : School-leaving examination, 1993-1995 : Training as an industrial salesman, 1995-1998 : Mayen College of Public Administration; Postgraduate qualification in public administration"
197508,"Stéphane SÉJOURNÉ","Stéphane","SÉJOURNÉ","https://www.europarl.europa.eu/mepphoto/197508.jpg",FALSE,"1985-03-26T00:00:00","Versailles","M",""
197423,"Nico SEMSROTT","Nico","SEMSROTT","https://www.europarl.europa.eu/mepphoto/197423.jpg",TRUE,"1986-03-11T00:00:00","Hamburg","M",""
197418,"Monica SEMEDO","Monica","SEMEDO","https://www.europarl.europa.eu/mepphoto/197418.jpg",TRUE,"1984-06-15T00:00:00",NA,"F",""
197677,"Günther SIDL","Günther","SIDL","https://www.europarl.europa.eu/mepphoto/197677.jpg",TRUE,"1975-03-19T00:00:00","St. Pölten","M",""
197548,"Radosław SIKORSKI","Radosław","SIKORSKI","https://www.europarl.europa.eu/mepphoto/197548.jpg",FALSE,"1963-02-23T00:00:00","Bydgoszcz","M","1983-1986 : B.A. in philosophy, politics and economics, Pembroke College, University of Oxford"
103746,"Michal ŠIMEČKA","Michal","ŠIMEČKA","https://www.europarl.europa.eu/mepphoto/103746.jpg",FALSE,"1984-05-10T00:00:00","Bratislava","M","2008-2012 : DPhil (PhD), University of Oxford, Nuffield College, 2006-2008 : MPhil (with distinction), University of Oxford, St Antony's College, 2003-2006 : Bachelor’s Degree, Charles University, Faculty of Social Sciences, Political Science and International Relations"
197426,"Sven SIMON","Sven","SIMON","https://www.europarl.europa.eu/mepphoto/197426.jpg",TRUE,"1978-10-09T00:00:00","Lahn-Wetzlar","M","2005 : First State Examination in Law, 2008 : Doctorate, 2010 : Second State Examination in Law, 2015 : Postdoctoral teaching qualification"
197935,"Ivan Vilibor SINČIĆ","Ivan Vilibor","SINČIĆ","https://www.europarl.europa.eu/mepphoto/197935.jpg",TRUE,"1990-08-28T00:00:00","KARLOVAC","M",""
197390,"Sara SKYTTEDAL","Sara","SKYTTEDAL","https://www.europarl.europa.eu/mepphoto/197390.jpg",TRUE,"1986-08-06T00:00:00","Tyresö","F",""
197849,"Andrey SLABAKOV","Andrey","SLABAKOV","https://www.europarl.europa.eu/mepphoto/197849.jpg",TRUE,"1960-08-13T00:00:00","Sofia","M",""
197791,"Massimiliano SMERIGLIO","Massimiliano","SMERIGLIO","https://www.europarl.europa.eu/mepphoto/197791.jpg",TRUE,"1966-05-08T00:00:00","Roma","M",""
197784,"Susana SOLÍS PÉREZ","Susana","SOLÍS PÉREZ","https://www.europarl.europa.eu/mepphoto/197784.jpg",TRUE,"1971-12-21T00:00:00","Aviles","F",""
197417,"Tomislav SOKOL","Tomislav","SOKOL","https://www.europarl.europa.eu/mepphoto/197417.jpg",TRUE,"1982-09-20T00:00:00","Zagreb","M",""
197550,"Sylwia SPUREK","Sylwia","SPUREK","https://www.europarl.europa.eu/mepphoto/197550.jpg",TRUE,"1976-01-29T00:00:00","Skarzysko Kamienna","F",""
197825,"Raffaele STANCANELLI","Raffaele","STANCANELLI","https://www.europarl.europa.eu/mepphoto/197825.jpg",TRUE,"1950-06-30T00:00:00","Regalbuto","M",""
197814,"Louis STEDMAN-BRYCE","Louis","STEDMAN-BRYCE","https://www.europarl.europa.eu/mepphoto/197814.jpg",FALSE,"1974-12-26T00:00:00","Swanley","M",""
58766,"Nicolae ŞTEFĂNUȚĂ","Nicolae","ŞTEFĂNUȚĂ","https://www.europarl.europa.eu/mepphoto/58766.jpg",TRUE,"1982-01-03T00:00:00","RASINARI","M","08/2013-08/2014 : Master’s degree in Public Policy Management. Javits Foundation Scholarship, Georgetown University, McCourt School of Public Policy; Washington DC, USA, 09/2004-06/2006 : Master’s degree in Advanced International Studies, Diplomatic Academy of Vienna, Vienna, Austria, 09/2005-08/2006 : Master’s degree in European Studies, University of Vienna, Vienna, Austria, 10/2000-06/2004 : Faculty of Economics, West University of Timișoara, Romania; Degree in Economics, DAAD scholarship – summer programme at Ludwig Maximilian University, Munich"
197399,"Jessica STEGRUD","Jessica","STEGRUD","https://www.europarl.europa.eu/mepphoto/197399.jpg",FALSE,"1970-09-27T00:00:00","BROMMA","F","1993-1994 : Université Catholique d’Angers, Angers, France. French, History of Art, Economics, etc., 1991-1993 : University of Gävle. Economics, Law, Leadership, Property Management, etc., 1989-1991 : Karlstad University. Political Science, Economics, Law, etc., 1986-1989 : Säve School, Visby. Four-year technical course, specialising in construction"
197772,"Tineke STRIK","Tineke","STRIK","https://www.europarl.europa.eu/mepphoto/197772.jpg",TRUE,"1961-09-28T00:00:00","Appeltern","F",""
134605,"Ramona STRUGARIU","Ramona","STRUGARIU","https://www.europarl.europa.eu/mepphoto/134605.jpg",TRUE,"1979-08-06T00:00:00","BIRLAD","F","09/2013-06/2015 : Courses (in English) as part of an international Master’s programme in business administration at the Free University of Brussels, Belgium, 12/2009-01/2010 : EU funds and project management – Structural Consulting Group, Bucharest, partner of the Romanian Ministry of Education, 08/2008-09/2008 : Technical law and project management training courses – Community Work Service of the Swiss Ministry of Justice, Zürich and ZSGE (Foundation for the supervision of persons performing community work and/or on parole), Zurich, Switzerland, 10/2007-06/2009 : Master’s in European Law, University A. I. Cuza, Iași, Romania, 04/2004-12/2005 : Courses in national coordination and team leadership – Global Volunteers, Saint Paul, Minnesota, USA, 10/1998-06/2002 : Faculty of Law, University A. I. Cuza, Iași, Romania, 09/1994-06/1998 : Gheorghe Roșca Codreanu Secondary School, Bârlad, Romania"
197553,"Beata SZYDŁO","Beata","SZYDŁO","https://www.europarl.europa.eu/mepphoto/197553.jpg",TRUE,"1963-04-15T00:00:00","Oswiecim","F",""
197806,"Annalisa TARDINO","Annalisa","TARDINO","https://www.europarl.europa.eu/mepphoto/197806.jpg",TRUE,"1979-04-30T00:00:00","Licata","F","2018 : Master’s degree in Law and Management of health and socio-medical services and the pharmaceutical system, Roma Tre University, Rome, Italy, 2016 : Master’s degree in Labour Law, Il Sole 24 Ore Business School, Milan, Italy, 2008-2011 : PhD in Supranational law and national law: comparative law, Faculty of Law, University of Palermo, Palermo, Italy, 2007 : Qualified for PhD in Labour Market Law – research project on ‘Use of part-time contracts by public administrations’, Marco Biagi Foundation, Scuola di alta formazione in Relazioni industriali e del lavoro (Graduate School in Industrial and Labour Relations), University of Modena and Reggio Emilia, 2006 : Qualified to practise as a lawyer and admitted to the Palermo Bar on 9.11.2006, 2003 : Degree in Law, University of Palermo – thesis in the field of administrative law on ‘Water services’ (107/110)"
197756,"Vera TAX","Vera","TAX","https://www.europarl.europa.eu/mepphoto/197756.jpg",TRUE,"1972-02-08T00:00:00","Venlo","F",""
197705,"John David Edward TENNANT","John David Edward","TENNANT","https://www.europarl.europa.eu/mepphoto/197705.jpg",FALSE,"1986-12-25T00:00:00","Newcastle On Tyne","M",""
197655,"Cristian TERHEŞ","Cristian","TERHEŞ","https://www.europarl.europa.eu/mepphoto/197655.jpg",TRUE,"1978-12-04T00:00:00","Zalau","M",""
197831,"Hermann TERTSCH","Hermann","TERTSCH","https://www.europarl.europa.eu/mepphoto/197831.jpg",TRUE,"1958-04-09T00:00:00","Madrid","M",""
197667,"Barbara THALER","Barbara","THALER","https://www.europarl.europa.eu/mepphoto/197667.jpg",TRUE,"1982-02-16T00:00:00","Kufstein","F",""
197591,"Irene TINAGLI","Irene","TINAGLI","https://www.europarl.europa.eu/mepphoto/197591.jpg",TRUE,"1974-04-16T00:00:00","Empoli","F",""
129141,"Frans TIMMERMANS","Frans","TIMMERMANS","https://www.europarl.europa.eu/mepphoto/129141.jpg",FALSE,"1961-05-06T00:00:00",NA,"M",""
197402,"Tomas TOBÉ","Tomas","TOBÉ","https://www.europarl.europa.eu/mepphoto/197402.jpg",TRUE,"1978-02-16T00:00:00","Gavle","M","1998-1998 : Media and Communication Studies, University of Gävle"
197559,"Grzegorz TOBISZOWSKI","Grzegorz","TOBISZOWSKI","https://www.europarl.europa.eu/mepphoto/197559.jpg",TRUE,"1965-11-01T00:00:00","Ruda Slaska","M",""
197547,"Irène TOLLERET","Irène","TOLLERET","https://www.europarl.europa.eu/mepphoto/197547.jpg",TRUE,"1967-08-17T00:00:00","Béziers","F",""
197672,"Eugen TOMAC","Eugen","TOMAC","https://www.europarl.europa.eu/mepphoto/197672.jpg",TRUE,"1981-06-27T00:00:00","Ismail","M","2007 : Romanian Institute for Economic and Social Research and Surveys, Human Resources Management, 2007 : 2006 International Visitor Leadership Programme, advanced ‘ NGO Management’, Washington, Management of non-governmental organisations, 2006 : University of Bucharest, PhD studies, 2005 : University of Bucharest, master’s degree – ‘Romania in the 20th century’, 2003 : University of Bucharest, Faculty of History., 2003 : Euro-Atlantic Studies Centre, European and Euro-Atlantic Studies, 1999 : ‘Eudoxiu Hurmuzachi’ Institute for Romanians Abroad"
27714,"Edina TÓTH","Edina","TÓTH","https://www.europarl.europa.eu/mepphoto/27714.jpg",TRUE,"1975-03-11T00:00:00","Budapest","F","1993-1998 : Péter Pázmány Catholic University, Humanities Faculty, History/English Department, 1997-1999 : University of Economics, Századvég School of Politics, 2000- ... : Diplomatic Academy of Vienna, European Union Department"
97236,"Marie TOUSSAINT","Marie","TOUSSAINT","https://www.europarl.europa.eu/mepphoto/97236.jpg",TRUE,"1987-05-27T00:00:00","LILLE","F",""
197580,"Isabella TOVAGLIERI","Isabella","TOVAGLIERI","https://www.europarl.europa.eu/mepphoto/197580.jpg",TRUE,"1987-06-25T00:00:00","Busto Arsizio","F","12/2013-01/2017 : Assistant professor to the chair of Civil Procedure Law I and II, Professor Comoglio – Carlo Cattaneo University, LIUC, 09/2006-07/2013 : Master’s degree in law – Carlo Cattaneo University, LIUC, 09/2001-07/2006 : School-leaving certificate – D. Crespi state school, 04/2011-06/2011 : TOLES ‘Test of Legal English’ certification in Global Legal English"
197593,"Véronique TRILLET-LENOIR","Véronique","TRILLET-LENOIR","https://www.europarl.europa.eu/mepphoto/197593.jpg",FALSE,"1957-06-12T00:00:00","Lyon","F",""
197894,"László TRÓCSÁNYI","László","TRÓCSÁNYI","https://www.europarl.europa.eu/mepphoto/197894.jpg",TRUE,"1956-03-06T00:00:00","Budapest","M","1980 : Doctorate in Law and Political Science, Faculty of Law, Eötvös Loránd University, Budapest, 1985 : Bar examination, 1991 : Candidate of Sciences (PhD), 2000 : Habilitation (postdoctorate) qualification"
197665,"Dragoş TUDORACHE","Dragoş","TUDORACHE","https://www.europarl.europa.eu/mepphoto/197665.jpg",TRUE,"1975-01-14T00:00:00","Bârlad","M",""
198183,"Mihai TUDOSE","Mihai","TUDOSE","https://www.europarl.europa.eu/mepphoto/198183.jpg",TRUE,"1967-03-06T00:00:00","Braila","M","2013 : Associate professor: Critical Infrastructure Protection (CIP); National Security and Euro-Atlantic Security – Mihai Viteazul National Intelligence Academy, Romanian Intelligence Service, 2013 : Certificate of aptitude, professional training, single specialisation – Carol I National Defence University, Department of military management and training of teaching staff, 2011 : University lecturer: Critical Infrastructure Protection (CIP); Security and Defence Strategies – Mihai Viteazul National Intelligence Academy, Romanian Intelligence Service, 2010 : Doctorate in military science and intelligence: Protection of critical infrastructure – Mihai Viteazul National Intelligence Academy, Romanian Intelligence Service, 2008 : Master’s degree in Tourism in the context of sustainable regional development – Faculty of Management, Economic Engineering in Agriculture and Rural Development, University of Agronomic Science and Veterinary Medicine, Bucharest, 2007 : Postgraduate courses in International relations and European integration – Romanian Diplomatic Institute, Ministry of Foreign Affairs, 2007 : Specialisation in Analysis and resolution of armed conflict – Georgetown University, United States of America, in collaboration with the National Defence College, 2006-2007 : Postgraduate course in Management of communication and public relations – Faculty of Economics, Dunărea de Jos University of Galați, 2006-2007 : Master’s degree in European economic policy – National University of Political Studies and Public Administration, Bucharest, 2006 : Postgraduate specialisation – National Defence College, Bucharest, 2006 : Senior Executive Seminar (SES) – George C. Marshall European Center for National Security Studies, Garmisch, Germany, 2006 : Postgraduate course in national security – Higher College of National Security, Romanian Intelligence Service, 2001 : Postgraduate course in management and business management – Faculty of Economics, Dunărea de Jos University of Galați, 1991-1995 : Faculty of Legal and Administrative Sciences, Dimitrie Cantemir Christian University, Bucharest"
197763,"Milan UHRÍK","Milan","UHRÍK","https://www.europarl.europa.eu/mepphoto/197763.jpg",TRUE,"1984-12-21T00:00:00","Nové Zámky","M",""
197810,"Nils UŠAKOVS","Nils","UŠAKOVS","https://www.europarl.europa.eu/mepphoto/197810.jpg",TRUE,"1976-06-08T00:00:00","RIGA","M",""
185771,"Tom VANDENDRIESSCHE","Tom","VANDENDRIESSCHE","https://www.europarl.europa.eu/mepphoto/185771.jpg",TRUE,"1978-10-27T00:00:00","Leuven","M",""
197870,"Kim VAN SPARRENTAK","Kim","VAN SPARRENTAK","https://www.europarl.europa.eu/mepphoto/197870.jpg",TRUE,"1989-10-16T00:00:00","Vlissingen","F",""
197502,"Marie-Pierre VEDRENNE","Marie-Pierre","VEDRENNE","https://www.europarl.europa.eu/mepphoto/197502.jpg",TRUE,"1982-12-13T00:00:00",NA,"F",""
197747,"Kyriakos VELOPOULOS","Kyriakos","VELOPOULOS","https://www.europarl.europa.eu/mepphoto/197747.jpg",FALSE,"1965-10-24T00:00:00","Essen","M",""
197827,"Idoia VILLANUEVA RUIZ","Idoia","VILLANUEVA RUIZ","https://www.europarl.europa.eu/mepphoto/197827.jpg",TRUE,"1980-07-17T00:00:00","Pamplona","F",""
197571,"Nikolaj VILLUMSEN","Nikolaj","VILLUMSEN","https://www.europarl.europa.eu/mepphoto/197571.jpg",TRUE,"1983-02-28T00:00:00","Aarhus","M",""
98582,"Loránt VINCZE","Loránt","VINCZE","https://www.europarl.europa.eu/mepphoto/98582.jpg",TRUE,"1977-11-03T00:00:00","Târgu Mureș / Marosvásárhely","M","2004-2006 : MA in Public administration and e-government – University of Bucharest, Romania, 1996-2000 : BA in Journalism – Babeș-Bolyai University, Cluj-Napoca, Romania, 1992-1996 : High school diploma – Bolyai Farkas High School, Târgu-Mureş, Romania"
197844,"Petar VITANOV","Petar","VITANOV","https://www.europarl.europa.eu/mepphoto/197844.jpg",TRUE,"1982-04-18T00:00:00","Sliven","M",""
197749,"Caroline VOADEN","Caroline","VOADEN","https://www.europarl.europa.eu/mepphoto/197749.jpg",FALSE,"1968-11-22T00:00:00","Wantage","F",""
197451,"Viola VON CRAMON-TAUBADEL","Viola","VON CRAMON-TAUBADEL","https://www.europarl.europa.eu/mepphoto/197451.jpg",TRUE,"1970-03-23T00:00:00","Halle/Westfalen","F","17/05/1989 : High-school leaving certificate, Ratsgymnasium Bielefeld, 28/01/1998 : Degree from the University of Bonn"
197678,"Bettina VOLLATH","Bettina","VOLLATH","https://www.europarl.europa.eu/mepphoto/197678.jpg",FALSE,"1962-10-29T00:00:00","Graz","F","1972-1980 : School-leaving examination, BRG Seebachergasse, 1980-1981 : Post-secondary course at Graz Commercial Academy, 1981-1982 : Vienna University of World Trade, 1982-1988 : Doctorate in law, Graz, 1999-2001 : Four semesters of in-service training as a mediator at the Seminar for social pedagogy, Vienna, 10/10/2005 : Lawyer’s examination"
197537,"Alexandr VONDRA","Alexandr","VONDRA","https://www.europarl.europa.eu/mepphoto/197537.jpg",TRUE,"1961-08-17T00:00:00","Praha","M",""
197625,"Irina VON WIESE","Irina","VON WIESE","https://www.europarl.europa.eu/mepphoto/197625.jpg",FALSE,"1967-09-11T00:00:00","Köln","F",""
197798,"Lucia VUOLO","Lucia","VUOLO","https://www.europarl.europa.eu/mepphoto/197798.jpg",TRUE,"1963-02-15T00:00:00","Pagani","F",""
197552,"Veronika VRECIONOVÁ","Veronika","VRECIONOVÁ","https://www.europarl.europa.eu/mepphoto/197552.jpg",TRUE,"1965-09-08T00:00:00","České Budějovice","F",""
197863,"Maria WALSH","Maria","WALSH","https://www.europarl.europa.eu/mepphoto/197863.jpg",TRUE,"1987-06-11T00:00:00","Boston","F",""
197817,"Mick WALLACE","Mick","WALLACE","https://www.europarl.europa.eu/mepphoto/197817.jpg",TRUE,"1955-11-09T00:00:00","Wexford","M",""
197429,"Marion WALSMANN","Marion","WALSMANN","https://www.europarl.europa.eu/mepphoto/197429.jpg",TRUE,"1963-03-17T00:00:00","Erfurt","F","1981-1985 : University of Leipzig, Law/Commercial Law"
197405,"Jörgen WARBORN","Jörgen","WARBORN","https://www.europarl.europa.eu/mepphoto/197405.jpg",TRUE,"1969-01-23T00:00:00","Varberg","M","2002-2002 : Strategic brand-management studies, IHM Business School, Gothenburg, 1995-1995 : International relations studies, London School of Economics, London, 1995-1995 : Entrepreneurship studies, Babson College, Boston, 1992-1995 : Business economy studies, International University of Monaco, Monaco"
197566,"Witold Jan WASZCZYKOWSKI","Witold Jan","WASZCZYKOWSKI","https://www.europarl.europa.eu/mepphoto/197566.jpg",TRUE,"1957-05-05T00:00:00","Piotrkow Trybunalski","M",""
123562,"Charlie WEIMERS","Charlie","WEIMERS","https://www.europarl.europa.eu/mepphoto/123562.jpg",TRUE,"1982-11-12T00:00:00","HAMMARÖ","M",""
197515,"Pernille WEISS","Pernille","WEISS","https://www.europarl.europa.eu/mepphoto/197515.jpg",TRUE,"1968-03-12T00:00:00","Middelfart","F",""
197757,"James WELLS","James","WELLS","https://www.europarl.europa.eu/mepphoto/197757.jpg",FALSE,"1973-01-18T00:00:00","CHIPPENHAM","M",""
197744,"Ann WIDDECOMBE","Ann","WIDDECOMBE","https://www.europarl.europa.eu/mepphoto/197744.jpg",FALSE,"1947-10-04T00:00:00","Bath","F",""
197675,"Sarah WIENER","Sarah","WIENER","https://www.europarl.europa.eu/mepphoto/197675.jpg",TRUE,"1962-08-27T00:00:00","HALLE","F","1972-1979 : Bundesgymnasium (Federal Grammar School), 1971-1972 : Rudolf Steiner School, Vienna, 1968-1971 : Lycée Français de Vienne"
197769,"Michal WIEZIK","Michal","WIEZIK","https://www.europarl.europa.eu/mepphoto/197769.jpg",TRUE,"1979-06-14T00:00:00","Martin","M",""
197652,"Angelika WINZIG","Angelika","WINZIG","https://www.europarl.europa.eu/mepphoto/197652.jpg",TRUE,"1963-05-09T00:00:00","Attnang-Puchheim","M","1982-1989 : Doctoral studies, Vienna University of Economics"
197421,"Isabel WISELER-LIMA","Isabel","WISELER-LIMA","https://www.europarl.europa.eu/mepphoto/197421.jpg",TRUE,"1961-12-29T00:00:00","Odivelas-Loures","F","1980-1984 : Master’s degree — Paris III-Sorbonne Nouvelle"
197511,"Salima YENBOU","Salima","YENBOU","https://www.europarl.europa.eu/mepphoto/197511.jpg",TRUE,"1971-03-14T00:00:00","Aubervilliers","F",""
197842,"Elena YONCHEVA","Elena","YONCHEVA","https://www.europarl.europa.eu/mepphoto/197842.jpg",TRUE,"1964-05-27T00:00:00","Sofia","F",""
197581,"Stéphanie YON-COURTIN","Stéphanie","YON-COURTIN","https://www.europarl.europa.eu/mepphoto/197581.jpg",TRUE,"1974-03-28T00:00:00","Coutances","F","2003 : Certificate of aptitude to exercise the profession of lawyer (CAPA), Paris Court of Appeal (France), 1999 : Master’s 2 in European business law, Free University of Brussels (Belgium), 1998 : Master’s 1 in European and English law, University of Bristol (United Kingdom), 1997 : Master’s 1 in business law, Faculty of Law, University of Caen (France)"
197499,"Chrysoula ZACHAROPOULOU","Chrysoula","ZACHAROPOULOU","https://www.europarl.europa.eu/mepphoto/197499.jpg",FALSE,"1976-05-07T00:00:00","Sparte","F",""
197572,"Anna ZALEWSKA","Anna","ZALEWSKA","https://www.europarl.europa.eu/mepphoto/197572.jpg",TRUE,"1965-07-06T00:00:00","Świebodzice","F",""
197586,"Stefania ZAMBELLI","Stefania","ZAMBELLI","https://www.europarl.europa.eu/mepphoto/197586.jpg",TRUE,"1971-04-06T00:00:00","Salò","F",""
197606,"Javier ZARZALEJOS","Javier","ZARZALEJOS","https://www.europarl.europa.eu/mepphoto/197606.jpg",TRUE,"1960-06-06T00:00:00","Bilbao","M","1978-1982 : Graduate in law, University of Duesto."
197489,"Bernhard ZIMNIOK","Bernhard","ZIMNIOK","https://www.europarl.europa.eu/mepphoto/197489.jpg",TRUE,"1953-06-21T00:00:00","Schnaittenbach","M",""
197621,"Juan Ignacio ZOIDO ÁLVAREZ","Juan Ignacio","ZOIDO ÁLVAREZ","https://www.europarl.europa.eu/mepphoto/197621.jpg",TRUE,"1957-01-21T00:00:00","Montellano - Sevilla","M","1979 : Graduated in law in 1979, 1983 : Passed the competitive examinations for the judiciary in 1983"
34578,"Robert HAJŠEL","Robert","HAJŠEL","https://www.europarl.europa.eu/mepphoto/34578.jpg",TRUE,"1967-03-28T00:00:00","Banská Štiavnica","M","1985-1990 : Moscow State Institute of International Relations"
118949,"Ondřej KOVAŘÍK","Ondřej","KOVAŘÍK","https://www.europarl.europa.eu/mepphoto/118949.jpg",TRUE,"1980-08-21T00:00:00","KYJOV","M",""
197599,"Richard TICE","Richard","TICE","https://www.europarl.europa.eu/mepphoto/197599.jpg",FALSE,"1964-09-13T00:00:00","Farnham","M",""
5392,"Lara WOLTERS","Lara","WOLTERS","https://www.europarl.europa.eu/mepphoto/5392.jpg",TRUE,"1986-04-12T00:00:00",NA,"F",""
198490,"Emmanouil FRAGKOS","Emmanouil","FRAGKOS","https://www.europarl.europa.eu/mepphoto/198490.jpg",TRUE,"1993-06-27T00:00:00","Chios","M",""
199941,"Marianne VIND","Marianne","VIND","https://www.europarl.europa.eu/mepphoto/199941.jpg",TRUE,"1970-12-03T00:00:00","Koge","F","1977-1979 : Primary school, Vigersted, 1979-1986 : Primary school, Svebølle, 1986-1989 : Upper secondary school, Kalundborg, 1993-1995 : Hospital laboratory trainee, ‘Rigshospitalet’ hospital in Copenhagen, 2014-2016 : Roskilde University – Master’s in professional communication"
199996,"Isabel CARVALHAIS","Isabel","CARVALHAIS","https://www.europarl.europa.eu/mepphoto/199996.jpg",TRUE,"1973-02-28T00:00:00","Negage Uige","F","2005 : University of Minho – Doctorate (Equivalent) in Political Science and International Relations, 2004 : University of Warwick (United Kingdom) – Doctorate in Sociology, 1999 : University of Coimbra, Economics Faculty – Master’s in Sociology, 1995 : University of Minho – Bachelor’s degree in International Relations"
202036,"Sunčana GLAVAK","Sunčana","GLAVAK","https://www.europarl.europa.eu/mepphoto/202036.jpg",TRUE,"1968-12-09T00:00:00","Čakovec","F","2018- ... : Doctoral degree at University North in Koprivnica, Master of Journalism (from the Faculty of Political Sciences at the University of Zagreb), Degree in Pedagogical Sciences (from the Faculty of Philosophy at the University of Zagreb)"
202112,"Gheorghe-Vlad NISTOR","Gheorghe-Vlad","NISTOR","https://www.europarl.europa.eu/mepphoto/202112.jpg",TRUE,"1954-07-25T00:00:00","București","M","1969-1973 : ‘Mircea cel Bătrân’ High School, Constanța, Romania, 1974-1978 : B.A., Faculty of History, University of Bucharest, Romania, 1993-1993 : Ph.D. in History, University of Bucharest on: ‘Continuitate și discontinuitate urbană: problemele romanității britanice, secolele al IV-lea - al VI-lea’ (Urban continuity and discontinuity - problems in Roman Britain, 4th to the 6th centuries AD.), 1994-1994 : 1994 Postgraduate Certificate in British Cultural Studies, The University of Warwick, U.K."
202073,"Marc ANGEL","Marc","ANGEL","https://www.europarl.europa.eu/mepphoto/202073.jpg",TRUE,"1963-03-12T00:00:00","Luxembourg-Ville","M","1988-1990 : Diploma in Tourism-Economy – Vienna University of Economics and Business, 1984-1988 : Diploma in German, French and English Translation (Mag. Phil.) – University of Vienna"
202352,"Antoni COMÍN I OLIVERES","Antoni","COMÍN I OLIVERES","https://www.europarl.europa.eu/mepphoto/202352.jpg",TRUE,"1971-03-07T00:00:00","Barcelona","M","15/09/1990-22/06/1995 : Philosophy and Politics at Universitat Autònoma de Barcelona, 01/02/1996-30/07/1996 : Robert Schuman Trainee in Luxembourg"
202351,"Carles PUIGDEMONT I CASAMAJÓ","Carles","PUIGDEMONT I CASAMAJÓ","https://www.europarl.europa.eu/mepphoto/202351.jpg",TRUE,NA,NA,"M","Studied Filologia Catalana (Catalan philology) at the University of Girona"
204371,"Heather ANDERSON","Heather","ANDERSON","https://www.europarl.europa.eu/mepphoto/204371.jpg",FALSE,"1959-01-31T00:00:00","Dundee",NA,""
204368,"Christian SAGARTZ","Christian","SAGARTZ","https://www.europarl.europa.eu/mepphoto/204368.jpg",TRUE,"1981-01-16T00:00:00",NA,"M","2000-2012 : Master’s degree in political consultancy (individual study programme) at the University of Vienna, 2006-2010 : Bachelor’s degree in politics at the University of Vienna, 1991-1999 : Attended the Eisenstadt diocesan grammar school (passed exams granting access to higher education), 1987-1991 : Attended primary school in Pöttsching"
204332,"Barry ANDREWS","Barry","ANDREWS","https://www.europarl.europa.eu/mepphoto/204332.jpg",TRUE,"1967-05-16T00:00:00","Dublin","M",""
204335,"Alviina ALAMETSÄ","Alviina","ALAMETSÄ","https://www.europarl.europa.eu/mepphoto/204335.jpg",TRUE,"1992-09-29T00:00:00",NA,"F","2014 : Bachelor of Social Sciences, Helsinki University (Major in World Politics and minor in International Law), 2011 : Secondary education, Jokela High School"
204416,"Ilana CICUREL","Ilana","CICUREL","https://www.europarl.europa.eu/mepphoto/204416.jpg",TRUE,"1972-02-08T00:00:00","Paris","F","2016 : Sciences Po Paris - Executive Master’s degree in ‘Trajectoires dirigeants’ (“Leaders’ Pathways”), 2005 : Panthéon - Sorbonne University (Paris I) - Doctorate in law, supervised by G. Viney, on ‘Freedom of criticism in France and the USA’, 1997-1998 : Harvard Law School - Fulbright Scholar - Lurcy Fellow, 1996 : French Bar Association - Certificate of aptitude to practise as a lawyer, 1995 : Panthéon - Sorbonne University (Paris I) - DEA (Master of Advanced Study) in Private Law, 1991 : University of Paris Nanterre - Bachelor's degree in philosophy, 1988-1990 : Lycée Fénelon, Paris - Hypokhâgne and khâgne (post-Baccalaureate diplomas in literature)"
204414,"Margarita DE LA PISA CARRIÓN","Margarita","DE LA PISA CARRIÓN","https://www.europarl.europa.eu/mepphoto/204414.jpg",TRUE,"1975-09-19T00:00:00","Madrid","F",""
204333,"Salvatore DE MEO","Salvatore","DE MEO","https://www.europarl.europa.eu/mepphoto/204333.jpg",TRUE,"1971-10-27T00:00:00","Fondi","M","1990 : Secondary school-leaving certificate in classical subjects at the P. Gobetti secondary school in Fondi, 1995 : Degree in law from La Sapienza University in Rome"
204420,"Claude GRUFFAT","Claude","GRUFFAT","https://www.europarl.europa.eu/mepphoto/204420.jpg",TRUE,"1957-09-13T00:00:00","Rumilly","M",""
204419,"Sandro GOZI","Sandro","GOZI","https://www.europarl.europa.eu/mepphoto/204419.jpg",TRUE,"1968-03-25T00:00:00","Sogliano al Rubicone","M","1968-1992 : University of Bologna, 1987-1989 : University of Paris V – Sorbonne, 1993-1995 : ‘Sciences Po’ – Paris Institute of Political Studies, 1995-1995 : University of Bologna, 1997-1997 : ULB – Brussels"
204336,"Miriam LEXMANN","Miriam","LEXMANN","https://www.europarl.europa.eu/mepphoto/204336.jpg",TRUE,"1972-12-02T00:00:00","Bratislava","F",""
204421,"Jean-Lin LACAPELLE","Jean-Lin","LACAPELLE","https://www.europarl.europa.eu/mepphoto/204421.jpg",TRUE,"1967-04-17T00:00:00","Lyon","M",""
112747,"Romana JERKOVIĆ","Romana","JERKOVIĆ","https://www.europarl.europa.eu/mepphoto/112747.jpg",TRUE,"1964-11-28T00:00:00","Split","F",""
204418,"Nora MEBAREK","Nora","MEBAREK","https://www.europarl.europa.eu/mepphoto/204418.jpg",TRUE,"1972-07-22T00:00:00","Port-Saint-Louis-du-Rhône","F",""
204443,"Clara PONSATÍ OBIOLS","Clara","PONSATÍ OBIOLS","https://www.europarl.europa.eu/mepphoto/204443.jpg",TRUE,"1957-03-19T00:00:00","Barcelona","F","1982-1988 : University of Minnesota – Ph.D. Economics, 1980-1982 : Universitat Autònoma de Barcelona – Master in Economics, 1975-1980 : Universitat Autònoma de Barcelona – Llicenciada en Economia"
204413,"Marcos ROS SEMPERE","Marcos","ROS SEMPERE","https://www.europarl.europa.eu/mepphoto/204413.jpg",TRUE,"1974-03-24T00:00:00",NA,"M",""
204334,"Vincenzo SOFO","Vincenzo","SOFO","https://www.europarl.europa.eu/mepphoto/204334.jpg",TRUE,"1986-12-18T00:00:00",NA,"M",""
204331,"Linea SØGAARD-LIDELL","Linea","SØGAARD-LIDELL","https://www.europarl.europa.eu/mepphoto/204331.jpg",FALSE,"1987-03-30T00:00:00",NA,"F",""
204346,"Dominik TARCZYŃSKI","Dominik","TARCZYŃSKI","https://www.europarl.europa.eu/mepphoto/204346.jpg",TRUE,NA,NA,"M",""
204449,"Riho TERRAS","Riho","TERRAS","https://www.europarl.europa.eu/mepphoto/204449.jpg",TRUE,"1967-04-17T00:00:00","Kohtla-Järve","M",""
204400,"Adrián VÁZQUEZ LÁZARA","Adrián","VÁZQUEZ LÁZARA","https://www.europarl.europa.eu/mepphoto/204400.jpg",TRUE,"1982-05-05T00:00:00","Madrid","M",""
197780,"Bart GROOTHUIS","Bart","GROOTHUIS","https://www.europarl.europa.eu/mepphoto/197780.jpg",TRUE,"1981-01-01T00:00:00",NA,"M",""
204733,"Dorien ROOKMAKER","Dorien","ROOKMAKER","https://www.europarl.europa.eu/mepphoto/204733.jpg",TRUE,"1964-07-30T00:00:00",NA,"M",""
205452,"Chris MACMANUS","Chris","MACMANUS","https://www.europarl.europa.eu/mepphoto/205452.jpg",TRUE,"1973-03-13T00:00:00","London","M",""
206158,"Manuela RIPA","Manuela","RIPA","https://www.europarl.europa.eu/mepphoto/206158.jpg",TRUE,NA,NA,"F","2002 : Passed the first state legal examination at the University of the Saarland, 2005 : Passed the second state legal examination in North Rhine-Westphalia"
208722,"Sara MATTHIEU","Sara","MATTHIEU","https://www.europarl.europa.eu/mepphoto/208722.jpg",TRUE,"1981-05-21T00:00:00","Aalst","F",""
209091,"Cyrus ENGERER","Cyrus","ENGERER","https://www.europarl.europa.eu/mepphoto/209091.jpg",TRUE,"1981-09-28T00:00:00","Pietà","M","11/09/2007-30/06/2008 : College of Europe (Bruges, Belgium), 01/10/2004-30/06/2007 : University of Malta"
209140,"Vlad GHEORGHE","Vlad","GHEORGHE","https://www.europarl.europa.eu/mepphoto/209140.jpg",TRUE,"1985-02-22T00:00:00","București","M","2000-2004 : Secondary school leaving certificate – ‘Miguel de Cervantes Saavedra’ Bilingual Secondary School, Bucharest, 2004-2008 : Bachelor’s degree – Faculty of Law, Romanian-American University, Bucharest, 2016-2017 : Master’s degree in tax law (no dissertation) – Faculty of Law, University of Bucharest, Bucharest, 2016 : FIDIC Basic Certificate, Romanian Association of Consulting Engineers"
209896,"Colm MARKEY","Colm","MARKEY","https://www.europarl.europa.eu/mepphoto/209896.jpg",TRUE,"1972-01-03T00:00:00","Drogheda","M",""
214839,"Emma WIESNER","Emma","WIESNER","https://www.europarl.europa.eu/mepphoto/214839.jpg",TRUE,"1992-11-11T00:00:00","Västerås","F","2011-2017 : Master’s Degree in Science, Energy Systems Engineering, Uppsala University, 2017 : Master’s Thesis in Engineering, ÅF Industry and Mälarenergi AB"
213330,"Ernő SCHALLER-BAROSS","Ernő","SCHALLER-BAROSS","https://www.europarl.europa.eu/mepphoto/213330.jpg",TRUE,NA,NA,"M","2005-2010 : Studies in Law, Faculty of Law, Károli Gáspár University of the Reformed Church"
212855,"Alin MITUȚA","Alin","MITUȚA","https://www.europarl.europa.eu/mepphoto/212855.jpg",TRUE,"1984-05-24T00:00:00","Novaci","M","10/2007-07/2009 : Master’s degree – Paris Institute of Political Studies (Sciences Po), 10/2006-07/2007 : Erasmus and Bachelor’s degree (License 3) – Paris Nanterre University, 10/2003-07/2007 : Degree – Romanian National School of Political and Administrative Studies (SNSPA)"
218349,"Michiel HOOGEVEEN","Michiel","HOOGEVEEN","https://www.europarl.europa.eu/mepphoto/218349.jpg",TRUE,NA,NA,"M",""
218347,"Thijs REUTEN","Thijs","REUTEN","https://www.europarl.europa.eu/mepphoto/218347.jpg",TRUE,NA,NA,"M",""
221463,"Ladislav ILČIĆ","Ladislav","ILČIĆ","https://www.europarl.europa.eu/mepphoto/221463.jpg",TRUE,"1970-08-04T00:00:00",NA,"M",""
226260,"Karolin BRAUNSBERGER-REINHOLD","Karolin","BRAUNSBERGER-REINHOLD","https://www.europarl.europa.eu/mepphoto/226260.jpg",TRUE,"1986-11-03T00:00:00","Wolfen","F","04/2015-08/2018 : Studied business vocational education and training and vocational education and training management (MSc.), Otto von Guericke University, Magdeburg, specialising in organisational and personnel development, 10/2011-03/2015 : Studied educational science (BA), Otto von Guericke University, Magdeburg, specialising in vocational education and training, 10/2008-09/2009 : Studied business administration (BA), Otto von Guericke University, Magdeburg, 08/2006-07/2008 : Training as a tax clerk, Steuerberatungsgesellschaft Born mbH (agricultural accounting office), 09/1999-06/2006 : ‘Europaschule’ High School, Gommern"
228604,"Ilan DE BASSO","Ilan","DE BASSO","https://www.europarl.europa.eu/mepphoto/228604.jpg",TRUE,NA,NA,"M",""
228286,"Karsten LUCKE","Karsten","LUCKE","https://www.europarl.europa.eu/mepphoto/228286.jpg",TRUE,"1974-12-29T00:00:00","Kiel","M","1994 : High school leaving certificate, Kiel-Friedrichsort, 1994-2002 : Kiel University; read political science, mediaeval and modern history, and sociology; Europe-focused Erasmus placement at Coventry University (United Kingdom)"
229352,"Malte GALLÉE","Malte","GALLÉE","https://www.europarl.europa.eu/mepphoto/229352.jpg",FALSE,"1993-09-05T00:00:00","Schwäbisch Gmünd","M","10/2014-09/2020 : Philosophy & Economics, BA., University of Bayreuth, 09/2009-02/2010 : Lycée Paul Langevin, La Seyne-sur-Mer (France), 09/2000-06/2013 : Heidenheim Waldorf School"
229519,"Catharina RINZEMA","Catharina","RINZEMA","https://www.europarl.europa.eu/mepphoto/229519.jpg",TRUE,"1985-07-04T00:00:00","Soest","F",""
229839,"René REPASI","René","REPASI","https://www.europarl.europa.eu/mepphoto/229839.jpg",TRUE,"1979-11-08T00:00:00","Karlsruhe","M","2016 : Doctorate (Ruprecht Karl University of Heidelberg), 2008 : Second-level state law examination, 2006 : First-level state law examination"
230085,"Camilla LAURETI","Camilla","LAURETI","https://www.europarl.europa.eu/mepphoto/230085.jpg",TRUE,"1975-05-20T00:00:00","Roma","F","1989-1994 : ‘Goffredo Mameli’ state secondary school, Degree in contemporary history – Faculty of Literature and Philosophy, La Sapienza University of Rome"
233862,"Matjaž NEMEC","Matjaž","NEMEC","https://www.europarl.europa.eu/mepphoto/233862.jpg",TRUE,"1980-04-10T00:00:00",NA,"M","2017 Masters in International Business and Sustainable Development, International Business School Ljubljana (IBS-Ljubljana), 2013 Bachelors in International Business, International Business School (IBS-Ljubljana)"
234344,"Max ORVILLE","Max","ORVILLE","https://www.europarl.europa.eu/mepphoto/234344.jpg",TRUE,"1962-06-19T00:00:00",NA,"M","1998-1999 : Bachelor’s in Public Administration – University of the French West Indies and Guyana, 2002-2003 : Master’s in Public Administration – University of the French West Indies and Guyana, 2008-2009 : Master’s in Humanities with a research focus, Faculty of Educational Science – University of the French West Indies and Guyana"
236051,"Eric MINARDI","Eric","MINARDI","https://www.europarl.europa.eu/mepphoto/236051.jpg",TRUE,"1956-03-18T00:00:00","Toulon","M",""
236052,"Patricia CHAGNON","Patricia","CHAGNON","https://www.europarl.europa.eu/mepphoto/236052.jpg",TRUE,"1963-11-20T00:00:00","Eindhoven","F",""
236053,"Marina MESURE","Marina","MESURE","https://www.europarl.europa.eu/mepphoto/236053.jpg",TRUE,"1989-07-12T00:00:00","Marseille","F",""
236050,"Marie DAUCHY","Marie","DAUCHY","https://www.europarl.europa.eu/mepphoto/236050.jpg",TRUE,"1987-02-05T00:00:00","Calais","F",""
237224,"João ALBUQUERQUE","João","ALBUQUERQUE","https://www.europarl.europa.eu/mepphoto/237224.jpg",TRUE,"1986-12-25T00:00:00","Barreiro","M","2004-2007 : Universidade Nova de Lisboa, 2006-2007 : Erasmus programme – Università degli Studi di Firenze, 2007-2010 : ISCTE-IUL & Military Academy"
237320,"Eva Maria POPTCHEVA","Eva Maria","POPTCHEVA","https://www.europarl.europa.eu/mepphoto/237320.jpg",TRUE,"1979-10-17T00:00:00",NA,"F",""
237779,"Carina OHLSSON","Carina","OHLSSON","https://www.europarl.europa.eu/mepphoto/237779.jpg",TRUE,"1957-06-14T00:00:00","Råda Lidköping","F",""
237465,"Matthias ECKE","Matthias","ECKE","https://www.europarl.europa.eu/mepphoto/237465.jpg",TRUE,"1983-04-12T00:00:00","Meerane","M",""
238674,"Theresa BIELOWSKI","Theresa","BIELOWSKI","https://www.europarl.europa.eu/mepphoto/238674.jpg",TRUE,"1984-06-15T00:00:00","Schwaz (In Tirol)","F",""
238639,"Johan NISSINEN","Johan","NISSINEN","https://www.europarl.europa.eu/mepphoto/238639.jpg",TRUE,"1989-05-17T00:00:00","Värnamo","M",""
239262,"Elisabetta DE BLASIS","Elisabetta","DE BLASIS","https://www.europarl.europa.eu/mepphoto/239262.jpg",TRUE,"1974-04-30T00:00:00","Avezzano","F","2021 : Italian Society of Echocardiography and Cardiovascular Imaging, 2020-2021 : Gabriele D’Annunzio University, Chieti, 2020-2021 : Pegaso Online University, 2006-2007 : University of L’Aquila, 1993-2003 : University of L’Aquila, 1988-1993 : A. Torlonia state secondary school, Avezzano (AQ)"
239256,"Paola GHIDONI","Paola","GHIDONI","https://www.europarl.europa.eu/mepphoto/239256.jpg",TRUE,"1963-07-08T00:00:00","Montecchio Maggiore","F",""
239258,"Maria Angela DANZÌ","Maria Angela","DANZÌ","https://www.europarl.europa.eu/mepphoto/239258.jpg",TRUE,"1957-07-05T00:00:00","LIBRIZZI","F","01/10/1977-31/03/1981 : First class honours degree in political science from the University of Messina, specialising in administrative policy"
239260,"Denis NESCI","Denis","NESCI","https://www.europarl.europa.eu/mepphoto/239260.jpg",TRUE,"1981-07-25T00:00:00","Polistena","M",""
239271,"Eleni STAVROU","Eleni","STAVROU","https://www.europarl.europa.eu/mepphoto/239271.jpg",TRUE,"1975-07-04T00:00:00","Nicosia","F",""
239255,"Matteo GAZZINI","Matteo","GAZZINI","https://www.europarl.europa.eu/mepphoto/239255.jpg",TRUE,"1985-07-09T00:00:00",NA,"M",""
239257,"Achille VARIATI","Achille","VARIATI","https://www.europarl.europa.eu/mepphoto/239257.jpg",TRUE,"1953-01-19T00:00:00",NA,"M",""
239972,"Erik POULSEN","Erik","POULSEN","https://www.europarl.europa.eu/mepphoto/239972.jpg",TRUE,"1967-06-16T00:00:00","Holstebro","M",""
239973,"Bergur Løkke RASMUSSEN","Bergur Løkke","RASMUSSEN","https://www.europarl.europa.eu/mepphoto/239973.jpg",TRUE,"1990-03-04T00:00:00","Gribskov","M",""
240478,"Beatrice COVASSI","Beatrice","COVASSI","https://www.europarl.europa.eu/mepphoto/240478.jpg",TRUE,"1968-12-01T00:00:00","Firenze","F","1995 : Degree in Political Science - University of Florence, 1997 : Masters in European Public Administration - College of Europe, Bruges, 1996 : Diploma from the Academy of European Public Law"
243912,"Maria Veronica ROSSI","Maria Veronica","ROSSI","https://www.europarl.europa.eu/mepphoto/243912.jpg",TRUE,"1988-09-22T00:00:00","Ferentino",NA,"Martino Filetico experimental classical secondary school, Ferentino"
243979,"Francesca PEPPUCCI","Francesca","PEPPUCCI","https://www.europarl.europa.eu/mepphoto/243979.jpg",TRUE,"1993-06-02T00:00:00","Todi",NA,""
244571,"Nikos PAPANDREOU","Nikos","PAPANDREOU","https://www.europarl.europa.eu/mepphoto/244571.jpg",TRUE,"1956-09-29T00:00:00","Alameda, California",NA,"Yale University (BA), Princeton University (PhD)"
245018,"Christophe CLERGEAU","Christophe","CLERGEAU","https://www.europarl.europa.eu/mepphoto/245018.jpg",TRUE,"1968-09-01T00:00:00","Nantes",NA,"2000 : Postgraduate diploma (DEA) in political sociology and public policy, optional subject: public policy analysis, from the University of Paris 1 Panthéon-Sorbonne, 1994 : Bachelor’s degree in history from the University of Paris 1 Panthéon-Sorbonne, 1989 : Bachelor’s degree in economics from the University of Nantes, 1986 : Secondary school-leaving certificate in scientific subjects from the Lycée Gabriel Guist’hau in Nantes"
245858,"Thomas RUDNER","Thomas","RUDNER","https://www.europarl.europa.eu/mepphoto/245858.jpg",TRUE,"1961-09-11T00:00:00","Schwäbisch Gmünd",NA,""
247122,"Catherine AMALRIC","Catherine","AMALRIC","https://www.europarl.europa.eu/mepphoto/247122.jpg",TRUE,"1964-10-19T00:00:00","Aurillac",NA,""
247709,"Anja HAGA","Anja","HAGA","https://www.europarl.europa.eu/mepphoto/247709.jpg",TRUE,"1976-12-25T00:00:00","Drachten",NA,""
247737,"Ana COLLADO JIMÉNEZ","Ana","COLLADO JIMÉNEZ","https://www.europarl.europa.eu/mepphoto/247737.jpg",TRUE,"1984-02-08T00:00:00","ÁVILA",NA,"01/09/2002-01/01/2006 : Degree in business administration and management from the University of Salamanca, 01/09/2002-01/06/2008 : Master's degree in law from the University of Salamanca, 01/09/2005-01/06/2006 : Master’s degree in political and institutional communication from the Ortega and Gasset University Research Institute, 01/09/2008-01/06/2010 : Doctorate in information science, political science and administration, Complutense University of Madrid, 01/09/2009-01/06/2010 : Global Competitiveness Leadership Program at the McDonough School of Business, Georgetown University, Public Management Leadership Program at the IESE Business School of the University of Navarre"
247735,"Laura BALLARÍN CEREZA","Laura","BALLARÍN CEREZA","https://www.europarl.europa.eu/mepphoto/247735.jpg",TRUE,"1984-07-19T00:00:00","Barcelona",NA,"03/2022 : CERTIFICATE FOR RISING WOMEN LEADERS – Cambridge Judge Business School – Executive Education (Cambridge, United Kingdom), 10/2017 : CERTIFICATE IN EU DIPLOMACY & DIPLOMATIC SKILLS – College of Europe – Executive Education (Bruges, Belgium), 2014-2015 : POSTGRADUATE COURSE IN INTERNATIONAL ELECTION OBSERVATION AND ELECTION ASSISTANCE – University of the Basque Country (UPV-EHU), 2010-2011 : MASTER’S DEGREE IN LEADERSHIP IN POLITICAL MANAGEMENT – Universitat Autònoma de Barcelona (UAB), 07/2010 : TRAINING COURSE FOR SHORT-TERM ELECTORAL OBSERVERS – Diplomatic School of the Foreign Affairs Ministry – Spanish Government, 2006-2007 : OFFICIAL MASTER’S DEGREE IN CONTEMPORARY LATIN AMERICA AND ITS RELATIONS WITH THE EUROPEAN UNION Ortega y Gasset Foundation / Alcalá de Henares University (UAH) – Master thesis: Fiscal and political culture in Mexico – an approach from financial sociology, 2002-2007 : DEGREE IN POLITICAL AND ADMINISTRATION SCIENCES – Universitat Pompeu Fabra (UPF) and University of Kent (United Kingdom, 2006)"
249284,"Laurence SAILLIET","Laurence","SAILLIET","https://www.europarl.europa.eu/mepphoto/249284.jpg",TRUE,"1973-03-01T00:00:00","Thionville",NA,""
249285,"Lydie MASSARD","Lydie","MASSARD","https://www.europarl.europa.eu/mepphoto/249285.jpg",TRUE,"1978-08-24T00:00:00","Saint- Brieuc",NA,""
249443,"Wolfram PIRCHNER","Wolfram","PIRCHNER","https://www.europarl.europa.eu/mepphoto/249443.jpg",TRUE,"1958-04-21T00:00:00","Innsbruck",NA,""
249603,"Martine KEMP","Martine","KEMP","https://www.europarl.europa.eu/mepphoto/249603.jpg",TRUE,"1994-07-08T00:00:00","Luxembourg",NA,"01/09/2013-31/07/2017 : Bachelor of Science in Social Sciences, Specialisation in Humanitarian Logistics and Finance – Vienna University of Economics and Business, 01/09/2017-31/07/2020 : Master of Science in Traffic and Transport – Technical University of Darmstadt"
249826,"Jozef MIHÁL","Jozef","MIHÁL","https://www.europarl.europa.eu/mepphoto/249826.jpg",TRUE,"1965-03-18T00:00:00","Nitra",NA,""
250235,"Witold PAHL","Witold","PAHL","https://www.europarl.europa.eu/mepphoto/250235.jpg",TRUE,"1961-12-07T00:00:00","Wrocław",NA,""
250237,"Włodzimierz KARPIŃSKI","Włodzimierz","KARPIŃSKI","https://www.europarl.europa.eu/mepphoto/250237.jpg",TRUE,"1961-11-16T00:00:00","Puławy",NA,""
250538,"Rafał ROMANOWSKI","Rafał","ROMANOWSKI","https://www.europarl.europa.eu/mepphoto/250538.jpg",TRUE,"1978-02-15T00:00:00","Ciechanów",NA,""
250572,"Patricia CARO MAYA","Patricia","CARO MAYA","https://www.europarl.europa.eu/mepphoto/250572.jpg",TRUE,NA,NA,NA,""
250918,"François THIOLLET","François","THIOLLET","https://www.europarl.europa.eu/mepphoto/250918.jpg",TRUE,"1975-10-21T00:00:00","Châteaubriant",NA,""
251249,"Esther SANZ SELVA","Esther","SANZ SELVA","https://www.europarl.europa.eu/mepphoto/251249.jpg",TRUE,"1985-07-02T00:00:00","Valencia",NA,""
251268,"Michael KAUCH","Michael","KAUCH","https://www.europarl.europa.eu/mepphoto/251268.jpg",TRUE,"1967-05-04T00:00:00",NA,NA,"1986-1993 : Studied economics and social science at the Technical University of Dortmund"
251324,"Krzysztof BREJZA","Krzysztof","BREJZA","https://www.europarl.europa.eu/mepphoto/251324.jpg",TRUE,"1983-05-16T00:00:00","Bydgoszcz",NA,""
251859,"Guy LAVOCAT","Guy","LAVOCAT","https://www.europarl.europa.eu/mepphoto/251859.jpg",TRUE,"1963-02-14T00:00:00","Pondichery",NA,"2014-2015 : Certificate in social impact measurement (ESSEC/IIES-Paris), 1997-1999 : Master’s degree in Economic and Social Administration, specialising in human resources – Paris-X University – Nanterre (92), 1985-1989 : Diploma from the Special Military School of Saint-Cyr – Coëtquidan (56)"
251874,"Niels GEUKING","Niels","GEUKING","https://www.europarl.europa.eu/mepphoto/251874.jpg",TRUE,"1992-11-17T00:00:00","Coesfeld",NA,""
253008,"Linus GLANZELIUS","Linus","GLANZELIUS","https://www.europarl.europa.eu/mepphoto/253008.jpg",TRUE,"1990-12-28T00:00:00","Gothenburg",NA,""
253043,"Henk Jan ORMEL","Henk Jan","ORMEL","https://www.europarl.europa.eu/mepphoto/253043.jpg",TRUE,"1955-12-15T00:00:00","Utrecht",NA,""
232843,"Jan OVELGÖNNE","Jan","OVELGÖNNE","https://www.europarl.europa.eu/mepphoto/232843.jpg",TRUE,"1975-06-30T00:00:00","Volkach",NA,"10/2019-09/2022 : MA in socio-economics, University of Duisburg-Essen; thesis: How did the EU Recovery and Resilience Facility come about? A systematic process analysis., 09/2013-08/2017 : BA in applied social sciences, Dortmund University of Applied Sciences and Arts thesis: The economy for the common good (ECG) as an alternative to neo-liberal capitalism? Potential and limitations illustrated by reference to a business operating along ECG lines."
254722,"Teófilo SANTOS","Teófilo","SANTOS","https://www.europarl.europa.eu/mepphoto/254722.jpg",TRUE,"1951-02-12T00:00:00","Vila Franca (Viana do Castelo)",NA,""
254719,"Vasco BECKER-WEINBERG","Vasco","BECKER-WEINBERG","https://www.europarl.europa.eu/mepphoto/254719.jpg",TRUE,"1979-09-21T00:00:00","Lisboa",NA,""
254721,"Vânia NETO","Vânia","NETO","https://www.europarl.europa.eu/mepphoto/254721.jpg",TRUE,"1979-04-25T00:00:00","Santarém",NA,""
254720,"Ana Miguel DOS SANTOS","Ana Miguel","DOS SANTOS","https://www.europarl.europa.eu/mepphoto/254720.jpg",TRUE,"1981-09-12T00:00:00","Coimbra",NA,""
254718,"Anabela RODRIGUES","Anabela","RODRIGUES","https://www.europarl.europa.eu/mepphoto/254718.jpg",TRUE,"1976-10-18T00:00:00","Lisboa",NA,""
254876,"Ricardo MORGADO","Ricardo","MORGADO","https://www.europarl.europa.eu/mepphoto/254876.jpg",TRUE,"1987-05-13T00:00:00","Lamego",NA,""
