FullName;CRE;WDECL;COMPARL;REPORT;REPORT_SHADOW;COMPARL_SHADOW;MOTION;OQ;WEXP;WQ;MINT;IMOTION;PRUNACT
Charles GOERENS;NA;NA;NA;NA;NA;NA;NA;NA;NA;NA;NA;NA;NA
Jean-Marie LE PEN;107;0;0;0;0;0;1;7;43;11;0;5;0
Reimer BÖGE;175;0;19;110;0;0;2;7;0;9;0;0;0
Karl-Heinz FLORENZ;163;3;0;48;0;0;1;11;0;14;1;0;0
Godelieve QUISTHOUDT-ROWOHL;83;0;10;24;0;0;7;3;0;10;0;0;0
Bruno GOLLNISCH;1481;17;0;0;0;0;1;7;221;19;0;8;0
Michèle ALLIOT-MARIE;27;0;0;0;0;0;36;1;0;11;0;0;0
Viviane REDING;17;0;0;5;0;0;2;4;0;14;0;0;0
Alain LAMASSOURE;153;8;6;24;0;0;1;6;0;18;0;1;0
Elmar BROK;880;9;9;99;0;0;221;3;2;7;0;0;0
James NICHOLSON;633;12;6;17;0;0;13;2;0;14;0;0;0
Miguel ARIAS CAÑETE;128;0;0;10;0;0;0;0;0;0;0;0;0
David MARTIN;5094;14;22;27;0;0;79;5;29;58;0;0;0
Gérard DEPREZ;498;13;53;48;0;0;370;17;137;49;1;0;0
Emmanouil GLEZOS;55;0;0;0;0;0;15;2;0;25;0;0;0
Marianne THYSSEN;530;2;1;23;0;0;0;0;0;1;0;0;0
Sylvia-Yvonne KAUFMANN;1347;6;7;14;0;0;14;8;2;3;0;0;0
Dieter-Lebrecht KOCH;134;8;0;17;0;0;0;7;5;8;0;0;0
Constanze KREHL;NA;NA;NA;NA;NA;NA;NA;NA;NA;NA;NA;NA;NA
Carlos COELHO;NA;NA;NA;NA;NA;NA;NA;NA;NA;NA;NA;NA;NA
Bernd LANGE;NA;NA;NA;NA;NA;NA;NA;NA;NA;NA;NA;NA;NA
Martin SCHULZ;1920;4;0;6;0;0;0;0;0;0;0;0;0
Evelyne GEBHARDT;NA;NA;NA;NA;NA;NA;NA;NA;NA;NA;NA;NA;NA
Markus FERBER;NA;NA;NA;NA;NA;NA;NA;NA;NA;NA;NA;NA;NA
Thomas MANN;550;13;11;10;0;0;75;2;3;4;0;0;0
Peter LIESE;NA;NA;NA;NA;NA;NA;NA;NA;NA;NA;NA;NA;NA
Werner LANGEN;371;0;19;62;0;0;8;3;0;61;0;0;0
Annemie NEYTS-UYTTEBROECK;167;2;4;4;0;0;6;0;0;0;0;0;0
Pervenche BERÈS;817;1;41;74;0;0;12;3;0;12;0;0;0
José Ignacio SALAFRANCA SÁNCHEZ-NEYRA;655;0;14;23;0;0;142;0;2;45;0;0;0
Françoise GROSSETÊTE;1081;31;8;31;0;0;14;10;117;87;0;0;0
Heidi HAUTALA;NA;NA;NA;NA;NA;NA;NA;NA;NA;NA;NA;NA;NA
Richard HOWITT;738;18;4;15;0;0;173;1;0;24;0;0;0
Brian CROWLEY;722;0;0;12;0;0;0;0;0;33;0;0;0
Olli REHN;30;0;2;0;0;0;1;0;0;3;0;0;0
Paavo VÄYRYNEN;150;1;3;3;0;0;110;5;34;14;0;0;0
Antonio TAJANI;NA;NA;NA;NA;NA;NA;NA;NA;NA;NA;NA;NA;NA
Paul RÜBIG;1448;4;25;34;0;0;12;8;0;37;1;0;0
Richard CORBETT;NA;NA;NA;NA;NA;NA;NA;NA;NA;NA;NA;NA;NA
Rainer WIELAND;NA;NA;NA;NA;NA;NA;NA;NA;NA;NA;NA;NA;NA
Linda McAVAN;278;13;7;9;0;0;41;22;0;10;0;0;0
Ian HUDGHTON;1152;4;3;11;0;0;2;0;2;47;0;0;0
Michael GAHLER;NA;NA;NA;NA;NA;NA;NA;NA;NA;NA;NA;NA;NA
Othmar KARAS;NA;NA;NA;NA;NA;NA;NA;NA;NA;NA;NA;NA;NA
Frédérique RIES;NA;NA;NA;NA;NA;NA;NA;NA;NA;NA;NA;NA;NA
Jo LEINEN;429;23;7;40;0;0;26;16;0;13;0;1;0
Udo BULLMANN;NA;NA;NA;NA;NA;NA;NA;NA;NA;NA;NA;NA;NA
Marit PAULSEN;379;6;0;38;0;0;0;2;0;1;0;1;0
Renate SOMMER;229;8;2;14;0;0;18;19;0;25;1;0;0
Angelika NIEBLER;NA;NA;NA;NA;NA;NA;NA;NA;NA;NA;NA;NA;NA
Pilar AYUSO;245;3;7;16;0;0;3;1;0;34;0;0;0
Elena VALENCIANO;375;6;3;9;0;0;388;7;161;72;0;0;0
Marielle DE SARNEZ;921;5;7;16;0;0;258;11;38;46;0;0;0
Thierry CORNILLET;97;4;2;12;0;0;2;0;0;10;0;0;0
Tokia SAÏFI;933;1;6;8;0;0;35;10;407;62;0;1;0
Claude TURMES;387;10;11;18;0;0;9;4;0;34;0;0;0
Gianni PITTELLA;543;13;3;29;0;0;30;3;0;0;0;0;0
Raffaele FITTO;NA;NA;NA;NA;NA;NA;NA;NA;NA;NA;NA;NA;NA
Bas BELDER;1229;7;8;18;0;0;31;1;5;21;1;0;0
Geoffrey VAN ORDEN;NA;NA;NA;NA;NA;NA;NA;NA;NA;NA;NA;NA;NA
Roger HELMER;320;10;0;0;0;0;1;0;0;4;0;0;0
Claude MORAES;NA;NA;NA;NA;NA;NA;NA;NA;NA;NA;NA;NA;NA
Timothy Charles Ayrton TANNOCK;1710;28;6;15;0;0;450;4;69;85;0;1;0
Nigel FARAGE;NA;NA;NA;NA;NA;NA;NA;NA;NA;NA;NA;NA;NA
Jean LAMBERT;583;51;8;34;0;0;82;24;2;87;0;0;0
Neena GILL;NA;NA;NA;NA;NA;NA;NA;NA;NA;NA;NA;NA;NA
Philip BRADBOURN;182;2;4;13;0;0;0;0;0;0;0;0;0
Timothy KIRKHOPE;546;8;2;29;0;0;16;2;0;2;0;0;0
Catherine STIHLER;1463;23;7;15;0;0;2;6;167;43;0;1;0
Jill EVANS;NA;NA;NA;NA;NA;NA;NA;NA;NA;NA;NA;NA;NA
Jacqueline FOSTER;156;4;3;8;0;0;1;13;2;1;0;1;0
Daniel HANNAN;NA;NA;NA;NA;NA;NA;NA;NA;NA;NA;NA;NA;NA
Nirj DEVA;312;10;22;12;0;0;9;1;0;4;0;0;0
Bart STAES;914;14;17;68;0;0;168;24;73;164;1;0;0
Brice HORTEFEUX;NA;NA;NA;NA;NA;NA;NA;NA;NA;NA;NA;NA;NA
Kathleen VAN BREMPT;NA;NA;NA;NA;NA;NA;NA;NA;NA;NA;NA;NA;NA
Mary HONEYBALL;130;11;2;15;0;0;3;0;1;20;0;0;0
Sylvie GODDYN;271;4;0;0;0;0;9;23;92;93;0;51;0
Mario BORGHEZIO;677;54;0;2;0;0;15;14;2;341;0;26;0
Manuel dos SANTOS;1852;2;8;4;0;0;0;0;10;2;0;0;0
Esther HERRANZ GARCÍA;149;7;6;8;0;0;5;1;0;81;0;0;0
Alojz PETERLE;507;7;5;7;0;0;15;16;679;21;3;0;0
Kateřina KONEČNÁ;NA;NA;NA;NA;NA;NA;NA;NA;NA;NA;NA;NA;NA
Jiří MAŠTÁLKA;480;13;10;8;0;0;49;14;167;54;0;0;0
Miloslav RANSDORF;134;7;7;7;0;0;25;2;0;2;0;0;0
Jan ZAHRADIL;NA;NA;NA;NA;NA;NA;NA;NA;NA;NA;NA;NA;NA
Bogusław LIBERADZKI;NA;NA;NA;NA;NA;NA;NA;NA;NA;NA;NA;NA;NA
Janusz LEWANDOWSKI;NA;NA;NA;NA;NA;NA;NA;NA;NA;NA;NA;NA;NA
Janusz WOJCIECHOWSKI;260;23;2;11;0;0;9;4;0;37;0;1;0
Andrzej GRZYB;221;4;3;4;0;0;64;4;0;13;0;0;0
Czesław Adam SIEKIERSKI;976;9;6;8;0;0;5;24;30;15;1;0;0
Kazimierz Michał UJAZDOWSKI;323;1;5;1;0;0;27;2;162;80;0;3;0
András GYÜRK;NA;NA;NA;NA;NA;NA;NA;NA;NA;NA;NA;NA;NA
József SZÁJER;NA;NA;NA;NA;NA;NA;NA;NA;NA;NA;NA;NA;NA
Monika BEŇOVÁ;NA;NA;NA;NA;NA;NA;NA;NA;NA;NA;NA;NA;NA
Anna ZÁBORSKÁ;1029;43;22;9;0;0;106;12;213;10;4;0;0
Emmanuel MAUREL;NA;NA;NA;NA;NA;NA;NA;NA;NA;NA;NA;NA;NA
Anne SANDER;NA;NA;NA;NA;NA;NA;NA;NA;NA;NA;NA;NA;NA
Pascal ARIMONT;NA;NA;NA;NA;NA;NA;NA;NA;NA;NA;NA;NA;NA
Ana MIRANDA;NA;NA;NA;NA;NA;NA;NA;NA;NA;NA;NA;NA;NA
Eleni THEOCHAROUS;107;7;4;3;0;0;6;1;21;50;0;0;0
Florent MARCELLESI;49;1;6;0;0;0;60;5;1;88;0;0;0
Lefteris CHRISTOFOROU;NA;NA;NA;NA;NA;NA;NA;NA;NA;NA;NA;NA;NA
Nikolaos CHOUNTIS;383;1;8;0;0;0;22;13;3;197;1;0;0
Mairead McGUINNESS;NA;NA;NA;NA;NA;NA;NA;NA;NA;NA;NA;NA;NA
Marian HARKIN;1301;31;31;8;0;0;258;12;799;184;2;0;0
David CASA;NA;NA;NA;NA;NA;NA;NA;NA;NA;NA;NA;NA;NA
Gunnar HÖKMARK;748;1;17;15;0;0;18;1;46;6;0;1;0
Christofer FJELLNER;521;0;7;59;0;0;2;3;32;27;0;0;0
Anna HEDH;610;2;6;6;0;0;31;11;78;29;0;0;0
Richard ASHWORTH;165;1;2;5;0;0;2;0;1;2;0;0;0
György SCHÖPFLIN;137;1;7;4;0;0;4;2;2;14;1;0;0
Lívia JÁRÓKA;NA;NA;NA;NA;NA;NA;NA;NA;NA;NA;NA;NA;NA
Kinga GÁL;NA;NA;NA;NA;NA;NA;NA;NA;NA;NA;NA;NA;NA
Ole CHRISTENSEN;188;3;10;5;0;0;1;0;27;88;0;0;0
Margrete AUKEN;NA;NA;NA;NA;NA;NA;NA;NA;NA;NA;NA;NA;NA
Lambert van NISTELROOIJ;280;2;12;9;0;0;10;9;0;17;0;0;0
Vincent PEILLON;52;1;4;7;0;0;113;5;0;9;0;0;0
Miroslav MIKOLÁŠIK;1116;7;6;6;0;0;4;11;199;15;3;0;0
Vladimír MAŇKA;809;6;2;11;0;0;19;3;391;20;1;0;0
Jean-Marie CAVADA;61;8;9;30;0;0;0;0;23;0;0;0;0
Nathalie GRIESBECK;432;12;24;6;0;0;203;31;120;54;1;0;0
Marine LE PEN;842;4;0;0;0;0;6;13;65;143;0;52;0
Daniel CASPARY;NA;NA;NA;NA;NA;NA;NA;NA;NA;NA;NA;NA;NA
Ingeborg GRÄSSLE;242;1;24;35;0;0;12;10;0;42;0;0;0
Andreas SCHWAB;NA;NA;NA;NA;NA;NA;NA;NA;NA;NA;NA;NA;NA
Markus PIEPER;NA;NA;NA;NA;NA;NA;NA;NA;NA;NA;NA;NA;NA
Herbert REUL;205;4;2;17;0;0;4;5;2;19;0;0;0
Christian EHLER;NA;NA;NA;NA;NA;NA;NA;NA;NA;NA;NA;NA;NA
Albert DESS;133;3;4;4;0;0;9;5;1;21;0;0;0
Manfred WEBER;NA;NA;NA;NA;NA;NA;NA;NA;NA;NA;NA;NA;NA
Rebecca HARMS;456;9;12;6;0;0;74;10;0;35;0;0;0
Michael CRAMER;145;5;24;12;0;0;9;8;1;38;0;0;0
Helga TRÜPEL;193;13;82;9;0;0;46;8;0;21;0;1;0
Alexander Graf LAMBSDORFF;588;6;2;15;0;0;71;3;2;12;0;0;0
Wolf KLINZ;162;2;8;13;0;0;2;0;2;19;1;0;0
Gabriele ZIMMER;281;7;12;7;0;0;26;10;0;16;0;0;0
Jörg LEICHTFRIED;545;11;3;15;0;0;12;0;0;5;0;0;0
Ivo BELET;347;12;17;13;0;0;84;6;44;110;0;1;0
Sophia IN 'T VELD;NA;NA;NA;NA;NA;NA;NA;NA;NA;NA;NA;NA;NA
Jerzy BUZEK;NA;NA;NA;NA;NA;NA;NA;NA;NA;NA;NA;NA;NA
Laima Liucija ANDRIKIENĖ;779;0;7;5;0;0;186;2;205;9;1;0;0
Barbara KUDRYCKA;105;2;5;12;0;0;29;7;0;5;0;0;0
Jan OLBRYCHT;NA;NA;NA;NA;NA;NA;NA;NA;NA;NA;NA;NA;NA
Inés AYALA SENDER;512;7;20;106;0;0;7;3;21;45;0;0;0
Jacek SARYUSZ-WOLSKI;NA;NA;NA;NA;NA;NA;NA;NA;NA;NA;NA;NA;NA
Iratxe GARCÍA PÉREZ;NA;NA;NA;NA;NA;NA;NA;NA;NA;NA;NA;NA;NA
Bogusław SONIK;471;7;7;10;0;0;10;0;0;3;0;0;0
Tadeusz ZWIEFKA;268;6;13;32;0;0;35;8;4;12;0;0;0
Ana GOMES;828;26;6;16;0;0;151;18;8;160;2;0;0
Francisco ASSIS;204;2;4;6;0;0;63;1;247;88;0;1;0
Elisa FERREIRA;237;4;8;13;0;0;2;3;0;12;0;1;0
Anneli JÄÄTTEENMÄKI;591;1;21;10;0;0;10;13;15;17;1;0;0
Hannu TAKKULA;403;33;9;10;0;0;124;7;17;64;0;1;0
Jaromír KOHLÍČEK;346;14;11;8;0;0;2;0;31;2;0;0;0
Urszula KRUPA;399;14;0;0;0;0;59;3;2;0;0;0;0
Patrizia TOIA;NA;NA;NA;NA;NA;NA;NA;NA;NA;NA;NA;NA;NA
Mirosław PIOTROWSKI;315;1;1;1;0;0;4;1;5;13;0;0;0
Mercedes BRESSO;NA;NA;NA;NA;NA;NA;NA;NA;NA;NA;NA;NA;NA
Anna FOTYGA;NA;NA;NA;NA;NA;NA;NA;NA;NA;NA;NA;NA;NA
Pier Antonio PANZERI;352;5;11;8;0;0;207;8;0;11;0;0;0
Ryszard CZARNECKI;NA;NA;NA;NA;NA;NA;NA;NA;NA;NA;NA;NA;NA
Lidia Joanna GERINGER DE OEDENBERG;777;9;33;66;0;0;144;1;95;7;0;0;0
Adam GIEREK;208;5;2;5;0;0;5;1;12;9;0;0;0
Zbigniew KUŹMIUK;NA;NA;NA;NA;NA;NA;NA;NA;NA;NA;NA;NA;NA
Pilar del CASTILLO VERA;NA;NA;NA;NA;NA;NA;NA;NA;NA;NA;NA;NA;NA
Luis de GRANDES PASCUAL;153;0;4;16;0;0;32;1;3;29;0;0;0
Dariusz ROSATI;207;5;4;14;0;0;20;7;0;54;2;0;0
Agustín DÍAZ DE MERA GARCÍA CONSUEGRA;292;4;4;38;0;0;32;2;1;35;0;0;0
Carlos ITURGAIZ;158;4;3;6;0;0;4;0;62;219;0;0;0
Antonio LÓPEZ-ISTÚRIZ WHITE;NA;NA;NA;NA;NA;NA;NA;NA;NA;NA;NA;NA;NA
Francisco José MILLÁN MON;NA;NA;NA;NA;NA;NA;NA;NA;NA;NA;NA;NA;NA
Matteo SALVINI;380;23;1;1;0;0;9;14;0;85;0;34;0
Willy MEYER;1169;6;4;3;0;0;0;0;0;0;0;0;0
Tunne KELAM;876;7;2;2;0;0;349;7;30;22;2;0;0
Alessandra MUSSOLINI;NA;NA;NA;NA;NA;NA;NA;NA;NA;NA;NA;NA;NA
Lorenzo CESA;62;4;0;0;0;0;171;6;5;12;2;1;0
Sajjad KARIM;229;2;13;23;0;0;16;2;0;7;0;1;0
Gerard BATTEN;903;0;0;0;0;0;1;0;129;8;0;0;0
Alyn SMITH;422;16;4;1;0;0;63;3;1;80;0;0;0
Dimitrios PAPADIMOULIS;NA;NA;NA;NA;NA;NA;NA;NA;NA;NA;NA;NA;NA
Roberts ZĪLE;NA;NA;NA;NA;NA;NA;NA;NA;NA;NA;NA;NA;NA
Inese VAIDERE;NA;NA;NA;NA;NA;NA;NA;NA;NA;NA;NA;NA;NA
Valdis DOMBROVSKIS;207;2;2;8;0;0;1;0;0;0;0;0;0
Tatjana ŽDANOKA;NA;NA;NA;NA;NA;NA;NA;NA;NA;NA;NA;NA;NA
Marc TARABELLA;NA;NA;NA;NA;NA;NA;NA;NA;NA;NA;NA;NA;NA
Louis ALIOT;274;4;0;0;0;0;5;11;74;59;0;27;0
Younous OMARJEE;NA;NA;NA;NA;NA;NA;NA;NA;NA;NA;NA;NA;NA
Syed KAMALL;518;2;7;2;0;0;4;3;0;48;0;0;0
Marian-Jean MARINESCU;NA;NA;NA;NA;NA;NA;NA;NA;NA;NA;NA;NA;NA
Ioan Mircea PAŞCU;630;4;2;5;0;0;13;4;0;2;0;0;0
Daciana Octavia SÂRBU;481;41;5;4;0;0;87;11;69;87;0;0;0
Corina CREȚU;NA;NA;NA;NA;NA;NA;NA;NA;NA;NA;NA;NA;NA
Filiz HYUSMENOVA;173;23;4;2;0;0;187;19;22;55;0;0;0
Nedzhmi ALI;43;13;8;2;0;0;184;6;0;13;0;0;0
Matthias GROOTE;126;0;1;12;0;0;7;5;0;9;0;0;0
Daniel DALTON;281;2;4;8;0;0;17;5;9;65;0;0;0
Dame Glenis WILLMOTT;282;8;0;4;0;0;5;2;0;35;0;0;0
Aldo PATRICIELLO;NA;NA;NA;NA;NA;NA;NA;NA;NA;NA;NA;NA;NA
Kati PIRI;NA;NA;NA;NA;NA;NA;NA;NA;NA;NA;NA;NA;NA
Christel SCHALDEMOSE;NA;NA;NA;NA;NA;NA;NA;NA;NA;NA;NA;NA;NA
Adina-Ioana VĂLEAN;259;3;46;23;0;0;3;12;1;4;1;0;0
Eduard-Raul HELLVIG;74;0;0;0;0;0;0;0;0;0;0;0;0
Esther DE LANGE;NA;NA;NA;NA;NA;NA;NA;NA;NA;NA;NA;NA;NA
Cristian-Silviu BUŞOI;NA;NA;NA;NA;NA;NA;NA;NA;NA;NA;NA;NA;NA
Georg MAYER;NA;NA;NA;NA;NA;NA;NA;NA;NA;NA;NA;NA;NA
Elisabeth MORIN-CHARTIER;405;9;6;7;0;0;6;5;254;18;0;0;0
Vladimir URUTCHEV;64;2;0;1;0;0;0;0;12;0;0;0;0
Iliana IOTOVA;104;4;3;5;0;0;5;2;0;8;0;0;0
Victor BOŞTINARU;246;9;5;1;0;0;349;3;0;8;0;0;0
Renate WEBER;131;9;8;10;0;0;23;10;0;20;2;0;0
Ramona Nicole MĂNESCU;137;8;11;7;0;0;122;3;0;13;1;0;0
Theodor Dumitru STOLOJAN;269;3;6;6;0;0;4;5;0;0;1;0;0
Csaba SÓGOR;653;9;8;3;0;0;250;8;14;31;1;0;0
Iuliu WINKLER;NA;NA;NA;NA;NA;NA;NA;NA;NA;NA;NA;NA;NA
László TŐKÉS;320;1;3;3;0;0;173;4;136;24;1;0;0
Andi CRISTEA;320;1;1;0;0;0;168;4;392;21;1;0;0
Sirpa PIETIKÄINEN;NA;NA;NA;NA;NA;NA;NA;NA;NA;NA;NA;NA;NA
Elisabetta GARDINI;712;16;2;5;0;0;202;8;140;93;2;1;0
Jan HUITEMA;NA;NA;NA;NA;NA;NA;NA;NA;NA;NA;NA;NA;NA
Innocenzo LEONTINI;9;0;5;0;0;0;1;0;50;16;0;6;0
Rachida DATI;1474;1;0;1;0;0;8;1;680;192;0;0;0
Nadine MORANO;NA;NA;NA;NA;NA;NA;NA;NA;NA;NA;NA;NA;NA
Petr MACH;0;0;0;0;0;0;0;0;103;0;0;0;0
Victor NEGRESCU;NA;NA;NA;NA;NA;NA;NA;NA;NA;NA;NA;NA;NA
Carolina PUNSET;42;0;0;0;0;0;109;11;0;119;0;0;0
Ulrike RODUST;67;0;2;4;0;0;3;1;1;10;0;0;0
Jean-Paul DENANOT;4;2;0;0;0;0;0;0;66;0;0;0;0
Jeroen LENAERS;NA;NA;NA;NA;NA;NA;NA;NA;NA;NA;NA;NA;NA
Viorica DĂNCILĂ;638;15;14;0;0;0;141;19;163;154;1;0;0
Pavel SVOBODA;266;3;9;16;0;0;277;14;33;26;2;0;0
Nessa CHILDERS;221;25;3;0;0;0;14;19;93;136;1;1;0
Helmut SCHOLZ;NA;NA;NA;NA;NA;NA;NA;NA;NA;NA;NA;NA;NA
Philippe LAMBERTS;NA;NA;NA;NA;NA;NA;NA;NA;NA;NA;NA;NA;NA
Eduard KUKAN;290;8;5;6;0;0;271;5;0;10;1;0;0
Monika SMOLKOVÁ;1025;6;2;0;0;0;54;10;305;44;2;0;0
Boris ZALA;95;4;0;1;0;0;34;2;0;10;2;0;0
Krisztina MORVAI;536;0;0;0;0;0;0;1;0;7;0;0;0
Morten MESSERSCHMIDT;135;5;9;1;0;0;0;2;0;83;0;3;0
Seán KELLY;NA;NA;NA;NA;NA;NA;NA;NA;NA;NA;NA;NA;NA
Louis MICHEL;1288;6;1;2;0;0;396;24;1134;252;0;0;0
Marita ULVSKOG;346;0;7;5;0;0;43;17;85;24;0;0;0
Olle LUDVIGSSON;262;1;9;3;0;0;22;6;92;15;0;0;0
Anna Maria CORAZZA BILDT;387;7;2;5;0;0;63;15;17;14;0;1;0
Isabella LÖVIN;61;2;9;4;0;0;0;0;0;0;0;0;0
Cecilia WIKSTRÖM;329;11;14;18;0;0;253;40;0;46;0;0;0
Zigmantas BALČYTIS;2272;15;7;3;0;0;167;9;653;92;1;1;0
Vilija BLINKEVIČIŪTĖ;NA;NA;NA;NA;NA;NA;NA;NA;NA;NA;NA;NA;NA
Liisa JAAKONSAARI;187;3;5;5;0;0;205;3;0;58;1;1;0
Rolandas PAKSAS;1292;13;3;2;0;0;180;25;667;68;1;0;0
Algirdas SAUDARGAS;59;2;3;1;0;0;3;3;1;2;0;0;0
Waldemar TOMASZEWSKI;NA;NA;NA;NA;NA;NA;NA;NA;NA;NA;NA;NA;NA
Viktor USPASKICH;NA;NA;NA;NA;NA;NA;NA;NA;NA;NA;NA;NA;NA
Bendt BENDTSEN;90;2;4;3;0;0;1;3;4;33;1;0;0
João FERREIRA;NA;NA;NA;NA;NA;NA;NA;NA;NA;NA;NA;NA;NA
Morten LØKKEGAARD;NA;NA;NA;NA;NA;NA;NA;NA;NA;NA;NA;NA;NA
Jens ROHDE;100;0;3;0;0;0;1;3;0;27;0;0;0
Evžen TOŠENOVSKÝ;NA;NA;NA;NA;NA;NA;NA;NA;NA;NA;NA;NA;NA
Pavel POC;232;17;3;2;0;0;15;29;69;47;1;0;0
Olga SEHNALOVÁ;368;12;4;7;0;0;15;15;97;69;2;0;0
Bas EICKHOUT;NA;NA;NA;NA;NA;NA;NA;NA;NA;NA;NA;NA;NA
Barbara LOCHBIHLER;190;6;3;5;0;0;314;10;1;61;0;0;0
Santiago FISAS AYXELÀ;94;16;1;5;0;0;13;5;1;79;0;0;0
Sven GIEGOLD;NA;NA;NA;NA;NA;NA;NA;NA;NA;NA;NA;NA;NA
Ska KELLER;NA;NA;NA;NA;NA;NA;NA;NA;NA;NA;NA;NA;NA
Patrick LE HYARIC;295;4;2;1;0;0;228;30;44;111;1;0;0
Jan Philipp ALBRECHT;124;2;4;4;0;0;7;9;0;12;0;0;0
Reinhard BÜTIKOFER;NA;NA;NA;NA;NA;NA;NA;NA;NA;NA;NA;NA;NA
Yannick JADOT;NA;NA;NA;NA;NA;NA;NA;NA;NA;NA;NA;NA;NA
Jean-Luc MÉLENCHON;2158;0;0;0;0;0;4;1;49;37;0;0;0
Michèle RIVASI;NA;NA;NA;NA;NA;NA;NA;NA;NA;NA;NA;NA;NA
José BOVÉ;49;6;2;5;0;0;10;8;0;53;0;0;0
Arnaud DANJEAN;NA;NA;NA;NA;NA;NA;NA;NA;NA;NA;NA;NA;NA
Dennis de JONG;150;8;12;9;0;0;21;19;48;67;0;1;0
Martin HÄUSLING;NA;NA;NA;NA;NA;NA;NA;NA;NA;NA;NA;NA;NA
Wim van de CAMP;109;5;9;6;0;0;6;12;0;37;0;0;0
Sabine VERHEYEN;NA;NA;NA;NA;NA;NA;NA;NA;NA;NA;NA;NA;NA
Axel VOSS;NA;NA;NA;NA;NA;NA;NA;NA;NA;NA;NA;NA;NA
Joachim ZELLER;103;1;9;5;0;0;132;3;0;12;0;0;0
Pablo ZALBA BIDEGAIN;194;5;3;10;0;0;4;5;0;63;0;0;0
Hermann WINKLER;41;0;1;2;0;0;2;4;0;12;0;0;0
Verónica LOPE FONTAGNÉ;69;3;4;3;0;0;7;1;0;14;0;0;0
Werner KUHN;65;2;3;4;0;0;0;3;0;10;0;0;0
Enrique GUERRERO SALOM;346;2;8;4;0;0;59;5;68;30;1;0;0
Jarosław KALINOWSKI;NA;NA;NA;NA;NA;NA;NA;NA;NA;NA;NA;NA;NA
Peter JAHR;NA;NA;NA;NA;NA;NA;NA;NA;NA;NA;NA;NA;NA
Jarosław WAŁĘSA;454;3;8;12;0;0;175;6;60;39;0;0;0
Lara COMI;NA;NA;NA;NA;NA;NA;NA;NA;NA;NA;NA;NA;NA
Róża THUN UND HOHENSTEIN;NA;NA;NA;NA;NA;NA;NA;NA;NA;NA;NA;NA;NA
Danuta Maria HÜBNER;NA;NA;NA;NA;NA;NA;NA;NA;NA;NA;NA;NA;NA
Monika HOHLMEIER;NA;NA;NA;NA;NA;NA;NA;NA;NA;NA;NA;NA;NA
Danuta JAZŁOWIECKA;330;5;3;3;0;0;1;6;20;21;1;0;0
Janusz ZEMKE;293;2;0;0;0;0;7;3;33;15;0;0;0
Herbert DORFMANN;NA;NA;NA;NA;NA;NA;NA;NA;NA;NA;NA;NA;NA
Marek Józef GRÓBARCZYK;73;1;1;4;0;0;9;0;0;8;0;0;0
Elżbieta Katarzyna ŁUKACIJEWSKA;NA;NA;NA;NA;NA;NA;NA;NA;NA;NA;NA;NA;NA
Ryszard Antoni LEGUTKO;NA;NA;NA;NA;NA;NA;NA;NA;NA;NA;NA;NA;NA
Tomasz Piotr PORĘBA;NA;NA;NA;NA;NA;NA;NA;NA;NA;NA;NA;NA;NA
Paul NUTTALL;94;0;0;0;0;0;1;0;0;16;0;0;0
Teresa JIMÉNEZ-BECERRIL BARRIO;115;9;3;10;0;0;29;6;1;22;0;0;0
Peter van DALEN;NA;NA;NA;NA;NA;NA;NA;NA;NA;NA;NA;NA;NA
Rosa ESTARÀS FERRAGUT;NA;NA;NA;NA;NA;NA;NA;NA;NA;NA;NA;NA;NA
Juan Fernando LÓPEZ AGUILAR;NA;NA;NA;NA;NA;NA;NA;NA;NA;NA;NA;NA;NA
Barbara MATERA;708;10;27;56;0;0;61;16;371;231;0;1;0
Judith SARGENTINI;247;3;7;7;0;0;196;26;2;104;0;0;0
Giovanni LA VIA;1736;18;37;24;0;0;223;16;621;106;1;1;0
Marisa MATIAS;NA;NA;NA;NA;NA;NA;NA;NA;NA;NA;NA;NA;NA
Monica MACOVEI;918;9;18;48;0;0;286;8;5;108;3;0;0
Norica NICOLAI;504;11;2;10;0;0;31;10;287;41;2;0;0
Tamás DEUTSCH;NA;NA;NA;NA;NA;NA;NA;NA;NA;NA;NA;NA;NA
Ádám KÓSA;NA;NA;NA;NA;NA;NA;NA;NA;NA;NA;NA;NA;NA
Jutta STEINRUCK;185;5;7;3;0;0;23;4;1;32;0;0;0
Jens GEIER;NA;NA;NA;NA;NA;NA;NA;NA;NA;NA;NA;NA;NA
Traian UNGUREANU;134;1;3;2;0;0;21;5;9;12;2;0;0
Peter SIMON;52;2;2;8;0;0;6;1;1;4;0;0;0
Petra KAMMEREVERT;NA;NA;NA;NA;NA;NA;NA;NA;NA;NA;NA;NA;NA
Cristian Dan PREDA;633;4;21;13;0;0;447;3;3;15;1;1;0
Kerstin WESTPHAL;20;0;3;3;0;0;2;1;1;4;0;0;0
Knut FLECKENSTEIN;171;0;4;7;0;0;140;2;1;7;0;0;0
Ismail ERTUG;NA;NA;NA;NA;NA;NA;NA;NA;NA;NA;NA;NA;NA
Norbert NEUSER;NA;NA;NA;NA;NA;NA;NA;NA;NA;NA;NA;NA;NA
Claudiu Ciprian TĂNĂSESCU;204;7;1;1;0;0;8;14;423;43;0;1;0
Mariya GABRIEL;364;10;8;30;0;0;92;8;5;31;0;0;0
Alain CADEC;974;3;12;11;0;0;5;10;459;126;1;0;0
Thomas HÄNDEL;38;1;6;1;0;0;6;11;0;1;0;0;0
Cornelia ERNST;NA;NA;NA;NA;NA;NA;NA;NA;NA;NA;NA;NA;NA
Sabine LÖSING;86;3;1;1;0;0;49;16;1;82;1;0;0
Cătălin Sorin IVAN;628;11;4;5;0;0;105;2;235;67;0;0;0
Marie-Christine VERGIAT;1175;6;2;2;0;0;321;24;282;52;1;0;0
David Maria SASSOLI;NA;NA;NA;NA;NA;NA;NA;NA;NA;NA;NA;NA;NA
Karima DELLI;NA;NA;NA;NA;NA;NA;NA;NA;NA;NA;NA;NA;NA
Gesine MEISSNER;220;8;9;5;0;0;22;9;5;38;0;0;0
Michael THEURER;114;3;3;5;0;0;0;15;2;23;0;1;0
Nadja HIRSCH;56;2;5;2;0;0;42;1;37;23;2;0;0
Frank ENGEL;94;3;7;2;0;0;12;6;0;5;0;0;0
Zoltán BALCZÓ;363;1;0;0;0;0;0;4;118;28;0;0;0
Andrea COZZOLINO;NA;NA;NA;NA;NA;NA;NA;NA;NA;NA;NA;NA;NA
Elisabeth KÖSTINGER;316;1;2;3;0;0;2;5;12;11;0;0;0
Eva JOLY;28;4;17;4;0;0;0;0;5;0;0;0;0
Philippe JUVIN;1542;4;1;3;0;0;36;3;946;97;0;0;0
Dominique RIQUET;NA;NA;NA;NA;NA;NA;NA;NA;NA;NA;NA;NA;NA
Paolo DE CASTRO;NA;NA;NA;NA;NA;NA;NA;NA;NA;NA;NA;NA;NA
Roberto GUALTIERI;194;0;7;34;0;0;39;11;0;10;0;0;0
John Stuart AGNEW;84;0;0;0;0;0;0;0;0;0;0;0;0
José Manuel FERNANDES;NA;NA;NA;NA;NA;NA;NA;NA;NA;NA;NA;NA;NA
Krišjānis KARIŅŠ;300;5;4;4;0;0;3;12;11;16;1;0;0
Paulo RANGEL;NA;NA;NA;NA;NA;NA;NA;NA;NA;NA;NA;NA;NA
Takis HADJIGEORGIOU;623;10;2;0;0;0;108;20;246;136;3;0;0
Tanja FAJON;NA;NA;NA;NA;NA;NA;NA;NA;NA;NA;NA;NA;NA
David CAMPBELL BANNERMAN;116;0;0;0;0;0;12;1;0;15;0;0;0
Sergio Gaetano COFFERATI;226;4;10;3;0;0;4;4;0;53;0;0;0
Silvia COSTA;174;15;12;7;0;0;26;7;0;34;1;0;0
Derek VAUGHAN;803;5;16;44;0;0;5;2;163;27;0;0;0
Emma McCLARKIN;112;5;9;3;0;0;6;7;1;40;0;0;0
Kay SWINBURNE;874;0;6;6;0;0;4;4;0;7;0;0;0
Izaskun BILBAO BARANDICA;NA;NA;NA;NA;NA;NA;NA;NA;NA;NA;NA;NA;NA
Maurice PONGA;64;1;8;3;0;0;85;3;1;17;0;0;0
Birgit SIPPEL;NA;NA;NA;NA;NA;NA;NA;NA;NA;NA;NA;NA;NA
Milan ZVER;NA;NA;NA;NA;NA;NA;NA;NA;NA;NA;NA;NA;NA
Sandra KALNIETE;NA;NA;NA;NA;NA;NA;NA;NA;NA;NA;NA;NA;NA
Gabriel MATO;NA;NA;NA;NA;NA;NA;NA;NA;NA;NA;NA;NA;NA
Johannes Cornelis van BAALEN;69;3;0;0;0;0;311;4;48;29;0;0;0
Gerben-Jan GERBRANDY;160;4;3;44;0;0;19;37;0;33;0;1;0
Marietje SCHAAKE;329;4;6;9;0;0;420;16;0;179;2;1;0
Gilles PARGNEAUX;417;3;5;4;0;0;30;10;9;28;1;0;0
Vicky FORD;207;2;5;5;0;0;8;7;1;17;0;0;0
Diane DODDS;NA;NA;NA;NA;NA;NA;NA;NA;NA;NA;NA;NA;NA
Sylvie GUILLAUME;NA;NA;NA;NA;NA;NA;NA;NA;NA;NA;NA;NA;NA
Catherine BEARDER;NA;NA;NA;NA;NA;NA;NA;NA;NA;NA;NA;NA;NA
Julie GIRLING;337;0;7;6;0;0;17;27;5;66;0;0;0
Ashley FOX;307;4;6;5;0;0;10;2;3;45;0;0;0
William (The Earl of) DARTMOUTH;706;0;5;1;0;0;2;1;379;103;0;0;0
Nuno MELO;NA;NA;NA;NA;NA;NA;NA;NA;NA;NA;NA;NA;NA
Franz OBERMAYR;1798;6;0;0;0;0;3;11;917;144;1;19;0
Eider GARDIAZABAL RUBIAL;NA;NA;NA;NA;NA;NA;NA;NA;NA;NA;NA;NA;NA
Lorenzo FONTANA;1121;11;2;3;0;0;10;12;270;133;0;26;0
Giancarlo SCOTTÀ;35;3;0;2;0;0;0;0;79;7;0;0;0
Burkhard BALZ;84;1;1;4;0;0;2;10;0;6;0;0;0
Evelyn REGNER;NA;NA;NA;NA;NA;NA;NA;NA;NA;NA;NA;NA;NA
Karin KADENBACH;219;10;7;3;0;0;10;21;29;34;0;0;0
Ulrike LUNACEK;493;2;2;4;0;0;74;21;1;45;0;0;0
Ivo VAJGL;88;20;0;0;0;0;0;0;831;0;0;0;0
Robert ROCHEFORT;494;2;1;2;0;0;195;8;276;43;1;0;0
Ivari PADAR;64;0;0;0;0;0;0;0;18;0;0;0;0
Guy VERHOFSTADT;NA;NA;NA;NA;NA;NA;NA;NA;NA;NA;NA;NA;NA
Ramón JÁUREGUI ATONDO;190;3;4;3;0;0;25;2;16;95;0;1;0
Indrek TARAND;222;8;5;19;0;0;35;5;0;15;0;0;0
Sylvie GOULARD;125;2;2;4;0;0;1;6;3;14;0;0;0
Francisco SOSA WAGNER;164;2;2;2;0;0;0;0;0;11;0;0;0
Mara BIZZOTTO;NA;NA;NA;NA;NA;NA;NA;NA;NA;NA;NA;NA;NA
Ramon TREMOSA i BALCELLS;544;9;2;5;0;0;220;0;486;0;0;0;0
Georges BACH;45;1;4;2;0;0;3;13;0;9;0;2;0
Michel DANTIN;820;5;11;2;0;0;8;7;726;78;0;0;0
Vicky MAEIJER;48;0;0;0;0;0;2;8;0;22;0;3;0
Andrey KOVATCHEV;NA;NA;NA;NA;NA;NA;NA;NA;NA;NA;NA;NA;NA
Eva MAYDELL;NA;NA;NA;NA;NA;NA;NA;NA;NA;NA;NA;NA;NA
Tim AKER;241;0;0;0;0;0;2;1;591;9;0;0;0
Constance LE GRIP;492;4;5;5;0;0;4;6;25;20;0;0;0
Ildikó GÁLL-PELCZ;1377;4;8;4;0;0;60;5;48;33;0;0;0
Béla KOVÁCS;361;0;2;3;0;0;0;1;152;40;0;0;0
Keith TAYLOR;55;5;3;4;0;0;30;22;2;65;0;0;0
Auke ZIJLSTRA;142;0;0;0;0;0;3;0;28;106;0;1;0
Terry REINTKE;NA;NA;NA;NA;NA;NA;NA;NA;NA;NA;NA;NA;NA
Sergio GUTIÉRREZ PRIETO;366;7;5;3;0;0;99;2;265;176;0;0;0
Virginie ROZIÈRE;114;7;0;6;0;0;2;8;102;28;0;0;0
Julia REID;542;0;0;0;0;0;1;2;803;11;0;0;0
Heinz K. BECKER;173;6;2;2;0;0;5;10;19;22;2;0;0
Andrey NOVAKOV;NA;NA;NA;NA;NA;NA;NA;NA;NA;NA;NA;NA;NA
Sampo TERHO;29;0;1;3;0;0;0;0;0;1;0;0;0
Franck PROUST;1143;1;3;4;0;0;37;9;1132;150;0;0;0
Philippe DE BACKER;140;6;2;5;0;0;35;9;0;39;0;0;0
Florian PHILIPPOT;749;0;0;0;0;0;2;10;766;125;0;250;0
Anthea McINTYRE;NA;NA;NA;NA;NA;NA;NA;NA;NA;NA;NA;NA;NA
Josef WEIDENHOLZER;443;2;1;4;0;0;192;13;24;72;0;0;0
Jens NILSSON;154;0;5;0;0;0;13;3;31;14;0;0;0
Svetoslav Hristov MALINOV;141;4;0;1;0;0;0;4;81;48;1;0;0
Kārlis ŠADURSKIS;;;;;;;;;;;;;
Petri SARVAMAA;NA;NA;NA;NA;NA;NA;NA;NA;NA;NA;NA;NA;NA
Tonino PICULA;NA;NA;NA;NA;NA;NA;NA;NA;NA;NA;NA;NA;NA
Biljana BORZAN;NA;NA;NA;NA;NA;NA;NA;NA;NA;NA;NA;NA;NA
Jozo RADOŠ;86;26;1;2;0;0;321;5;0;162;1;20;0
Andrej PLENKOVIĆ;908;5;0;2;0;0;144;1;0;32;0;1;0
Birgit COLLIN-LANGEN;235;1;1;3;0;0;0;7;175;16;0;0;0
Eric ANDRIEU;NA;NA;NA;NA;NA;NA;NA;NA;NA;NA;NA;NA;NA
Martina ANDERSON;NA;NA;NA;NA;NA;NA;NA;NA;NA;NA;NA;NA;NA
Nils TORVALDS;NA;NA;NA;NA;NA;NA;NA;NA;NA;NA;NA;NA;NA
Isabelle THOMAS;293;5;3;11;0;0;13;6;146;35;0;1;0
Mark DEMESMAEKER;345;5;0;2;0;0;196;19;107;98;0;0;0
Anneleen VAN BOSSUYT;84;2;4;1;0;0;3;3;56;60;0;0;0
Brian HAYES;622;22;3;11;0;0;113;1;75;120;1;1;0
Marlene MIZZI;1355;19;0;0;0;0;0;0;1097;0;0;0;0
Roberta METSOLA;NA;NA;NA;NA;NA;NA;NA;NA;NA;NA;NA;NA;NA
Ruža TOMAŠIĆ;NA;NA;NA;NA;NA;NA;NA;NA;NA;NA;NA;NA;NA
Dubravka ŠUICA;980;22;0;0;0;0;0;0;1106;0;0;0;0
Davor Ivo STIER;977;9;0;2;0;0;188;3;0;37;0;1;0
Ivana MALETIĆ;1164;8;6;2;0;0;240;6;1016;35;3;2;0
Martina MICHELS;NA;NA;NA;NA;NA;NA;NA;NA;NA;NA;NA;NA;NA
Rina Ronja KARI;53;0;0;0;0;0;24;14;0;34;0;0;0
Christine REVAULT D'ALLONNES BONNEFOY;177;0;1;2;0;0;13;17;127;49;0;0;0
Christos STYLIANIDES;215;0;0;0;0;0;0;0;0;0;0;0;0
Neoklis SYLIKIOTIS;535;6;2;2;0;0;102;23;235;196;1;0;0
Costas MAVRIDES;NA;NA;NA;NA;NA;NA;NA;NA;NA;NA;NA;NA;NA
Demetris PAPADAKIS;NA;NA;NA;NA;NA;NA;NA;NA;NA;NA;NA;NA;NA
Pascal DURAND;NA;NA;NA;NA;NA;NA;NA;NA;NA;NA;NA;NA;NA
Jan KELLER;16;3;0;0;0;0;0;2;4;14;0;0;0
Andrus ANSIP;NA;NA;NA;NA;NA;NA;NA;NA;NA;NA;NA;NA;NA
Kaja KALLAS;77;4;4;2;0;0;45;6;0;14;0;0;0
Marju LAURISTIN;58;2;2;2;0;0;22;4;0;8;0;0;0
Miroslav POCHE;345;7;1;10;0;0;186;12;359;32;0;0;0
Jana TOOM;NA;NA;NA;NA;NA;NA;NA;NA;NA;NA;NA;NA;NA
Luděk NIEDERMAYER;NA;NA;NA;NA;NA;NA;NA;NA;NA;NA;NA;NA;NA
Jaromír ŠTĚTINA;178;1;0;2;0;0;237;1;97;6;0;0;0
Tibor SZANYI;1090;21;5;2;0;0;161;20;294;178;1;1;0
Stanislav POLČÁK;NA;NA;NA;NA;NA;NA;NA;NA;NA;NA;NA;NA;NA
István UJHELYI;NA;NA;NA;NA;NA;NA;NA;NA;NA;NA;NA;NA;NA
Pavel TELIČKA;1227;5;6;3;0;0;390;12;1176;107;1;0;0
Petr JEŽEK;291;5;13;2;0;0;273;10;528;39;0;0;0
Dita CHARANZOVÁ;NA;NA;NA;NA;NA;NA;NA;NA;NA;NA;NA;NA;NA
Martina DLABAJOVÁ;NA;NA;NA;NA;NA;NA;NA;NA;NA;NA;NA;NA;NA
Michaela ŠOJDROVÁ;NA;NA;NA;NA;NA;NA;NA;NA;NA;NA;NA;NA;NA
Norbert ERDŐS;541;5;0;1;0;0;2;9;316;144;2;0;0
Andrea BOCSKOR;NA;NA;NA;NA;NA;NA;NA;NA;NA;NA;NA;NA;NA
Tomáš ZDECHOVSKÝ;NA;NA;NA;NA;NA;NA;NA;NA;NA;NA;NA;NA;NA
Andor DELI;NA;NA;NA;NA;NA;NA;NA;NA;NA;NA;NA;NA;NA
György HÖLVÉNYI;NA;NA;NA;NA;NA;NA;NA;NA;NA;NA;NA;NA;NA
Tamás MESZERICS;43;3;0;3;0;0;71;2;0;4;0;0;0
Benedek JÁVOR;144;7;3;5;0;0;31;36;2;141;0;1;0
Csaba MOLNÁR;NA;NA;NA;NA;NA;NA;NA;NA;NA;NA;NA;NA;NA
Péter NIEDERMÜLLER;135;4;3;1;0;0;29;13;4;99;1;1;0
Louis-Joseph MANSCOUR;86;0;0;0;0;0;29;4;97;18;0;0;0
Henna VIRKKUNEN;NA;NA;NA;NA;NA;NA;NA;NA;NA;NA;NA;NA;NA
Jussi HALLA-AHO;53;2;0;2;0;0;13;0;0;16;0;0;0
Marc JOULAUD;698;0;2;1;0;0;4;3;784;39;0;0;0
Renaud MUSELIER;248;2;0;0;0;0;1;3;201;65;0;0;0
Fernando RUAS;756;3;1;2;0;0;57;6;877;47;2;0;0
Jérôme LAVRILLEUX;65;0;2;0;0;0;3;3;0;176;0;0;0
Angélique DELAHAYE;203;3;4;1;0;0;7;6;220;51;0;0;0
Sofia RIBEIRO;364;6;5;2;0;0;7;4;415;23;0;0;0
Cláudia MONTEIRO DE AGUIAR;NA;NA;NA;NA;NA;NA;NA;NA;NA;NA;NA;NA;NA
Miapetra KUMPULA-NATRI;NA;NA;NA;NA;NA;NA;NA;NA;NA;NA;NA;NA;NA
Merja KYLLÖNEN;99;14;5;2;0;0;211;63;5;112;4;1;0
Maria João RODRIGUES;140;0;0;2;0;0;7;1;0;5;0;0;0
Gilles LEBRETON;NA;NA;NA;NA;NA;NA;NA;NA;NA;NA;NA;NA;NA
Carlos ZORRINHO;NA;NA;NA;NA;NA;NA;NA;NA;NA;NA;NA;NA;NA
Joëlle BERGERON;58;0;4;3;0;0;2;5;20;63;2;0;0
Ricardo SERRÃO SANTOS;282;8;4;2;0;0;6;5;2;48;1;2;0
António MARINHO E PINTO;82;2;2;2;0;0;10;6;2;51;1;0;0
Artis PABRIKS;29;2;1;2;0;0;4;3;12;6;1;0;0
Guillaume BALAS;56;2;0;2;0;0;39;10;110;26;0;0;0
Iveta GRIGULE-PĒTERSE;5;0;0;0;0;0;1;1;40;7;0;0;0
Andrejs MAMIKINS;990;2;2;4;0;0;49;2;666;161;0;0;0
Pedro SILVA PEREIRA;NA;NA;NA;NA;NA;NA;NA;NA;NA;NA;NA;NA;NA
Marie-Christine ARNAUTU;945;9;0;0;0;0;4;14;1003;140;0;37;0
Marijana PETIR;1130;13;7;1;0;0;252;11;1264;101;5;1;0
Mireille D'ORNANO;849;15;1;0;0;0;15;30;1220;192;0;211;0
Dominique MARTIN;779;9;0;0;0;0;2;12;1034;278;1;73;0
Aymeric CHAUPRADE;0;1;0;0;0;0;0;0;0;0;0;0;0
Marie-Christine BOUTONNET;410;4;0;0;0;0;2;14;697;41;0;27;0
Ivan JAKOVČIĆ;1679;55;4;1;0;0;409;22;1263;600;5;40;0
Jean-Luc SCHAFFHAUSER;251;1;0;0;0;0;8;14;0;40;0;17;0
Davor ŠKRLEC;576;7;1;1;0;0;187;24;904;42;1;0;0
Steeve BRIOIS;804;4;0;0;0;0;2;13;674;123;0;95;0
Mylène TROSZCZYNSKI;673;5;0;0;0;0;4;15;925;34;0;33;0
Gabrielius LANDSBERGIS;90;2;0;5;0;0;27;2;0;12;0;0;0
Nicolas BAY;NA;NA;NA;NA;NA;NA;NA;NA;NA;NA;NA;NA;NA
Bernard MONOT;468;0;0;0;0;0;2;13;714;34;0;24;0
Antanas GUOGA;645;8;0;0;0;0;74;3;764;44;0;2;0
Giovanni TOTI;13;2;0;0;0;0;5;0;0;7;0;0;0
Joëlle MÉLIN;NA;NA;NA;NA;NA;NA;NA;NA;NA;NA;NA;NA;NA
Petras AUŠTREVIČIUS;NA;NA;NA;NA;NA;NA;NA;NA;NA;NA;NA;NA;NA
Edouard FERRAND;676;14;0;0;0;0;5;13;156;112;0;88;0
Valentinas MAZURONIS;308;3;0;0;0;0;264;14;69;18;0;0;0
Sophie MONTEL;979;6;0;0;0;0;2;14;635;295;0;309;0
Jean-François JALKH;NA;NA;NA;NA;NA;NA;NA;NA;NA;NA;NA;NA;NA
Dominique BILDE;NA;NA;NA;NA;NA;NA;NA;NA;NA;NA;NA;NA;NA
Alberto CIRIO;904;12;0;0;0;0;2;9;571;81;2;4;0
Jean ARTHUIS;662;0;12;6;0;0;5;0;549;29;1;0;0
Mady DELVAUX;25;0;0;5;0;0;2;2;0;13;0;1;0
Tiziana BEGHIN;NA;NA;NA;NA;NA;NA;NA;NA;NA;NA;NA;NA;NA
Marco VALLI;290;4;2;4;0;0;32;19;61;258;2;2;0
Eleonora EVI;NA;NA;NA;NA;NA;NA;NA;NA;NA;NA;NA;NA;NA
Marco ZANNI;NA;NA;NA;NA;NA;NA;NA;NA;NA;NA;NA;NA;NA
Alfred SANT;NA;NA;NA;NA;NA;NA;NA;NA;NA;NA;NA;NA;NA
Dan NICA;NA;NA;NA;NA;NA;NA;NA;NA;NA;NA;NA;NA;NA
Maria GRAPINI;NA;NA;NA;NA;NA;NA;NA;NA;NA;NA;NA;NA;NA
Damian DRĂGHICI;19;5;0;1;0;0;10;5;6;5;0;0;0
Renata BRIANO;539;15;3;1;0;0;7;11;982;89;1;2;0
Luigi MORGANO;95;6;4;1;0;0;42;10;93;44;2;1;0
Sorin MOISĂ;107;0;2;2;0;0;135;3;14;95;0;0;0
Doru-Claudian FRUNZULICĂ;1301;23;13;2;0;0;189;13;956;363;3;2;0
Daniele VIOTTI;246;3;3;7;0;0;15;9;371;76;1;0;0
Laurenţiu REBEGA;128;6;1;0;0;0;12;7;21;46;1;0;0
Claudia ȚAPARDEL;627;16;2;1;0;0;121;7;753;169;1;0;0
Remo SERNAGIOTTO;325;15;0;0;0;0;8;5;417;64;0;1;0
Flavio TOSI;NA;NA;NA;NA;NA;NA;NA;NA;NA;NA;NA;NA;NA
David BORRELLI;54;6;6;3;0;0;16;19;3;81;1;2;0
Marco AFFRONTE;46;8;2;4;0;0;18;34;0;189;0;0;0
Alessandra MORETTI;NA;NA;NA;NA;NA;NA;NA;NA;NA;NA;NA;NA;NA
Flavio ZANONATO;98;4;0;1;0;0;79;6;26;42;0;0;0
Cécile Kashetu KYENGE;243;1;1;2;0;0;146;15;83;48;0;0;0
Siegfried MUREŞAN;NA;NA;NA;NA;NA;NA;NA;NA;NA;NA;NA;NA;NA
Isabella DE MONTE;297;10;4;3;0;0;124;21;103;98;1;0;0
Elly SCHLEIN;95;2;5;1;0;0;11;11;0;61;0;0;0
Mircea DIACONU;12;2;2;2;0;0;2;2;0;13;0;1;0
David McALLISTER;NA;NA;NA;NA;NA;NA;NA;NA;NA;NA;NA;NA;NA
Jens GIESEKE;NA;NA;NA;NA;NA;NA;NA;NA;NA;NA;NA;NA;NA
Norbert LINS;NA;NA;NA;NA;NA;NA;NA;NA;NA;NA;NA;NA;NA
Sven SCHULZE;NA;NA;NA;NA;NA;NA;NA;NA;NA;NA;NA;NA;NA
Barbara SPINELLI;117;4;1;2;0;0;201;37;0;84;2;0;0
Laura AGEA;76;7;3;4;0;0;85;20;0;189;2;3;0
Fabio Massimo CASTALDO;NA;NA;NA;NA;NA;NA;NA;NA;NA;NA;NA;NA;NA
Dario TAMBURRANO;172;10;1;1;0;0;45;29;40;325;2;3;0
Simona BONAFÈ;NA;NA;NA;NA;NA;NA;NA;NA;NA;NA;NA;NA;NA
Arne GERICKE;678;4;1;0;0;0;115;15;17;49;1;0;0
Julia REDA;49;2;2;2;0;0;9;4;0;34;0;0;0
Enrico GASBARRA;360;24;1;1;0;0;146;11;221;176;0;1;0
Klaus BUCHNER;NA;NA;NA;NA;NA;NA;NA;NA;NA;NA;NA;NA;NA
Goffredo Maria BETTINI;18;0;0;1;0;0;135;3;0;6;0;0;0
Bernd LUCKE;390;1;2;3;0;0;5;8;236;32;0;0;0
Nicola DANTI;NA;NA;NA;NA;NA;NA;NA;NA;NA;NA;NA;NA;NA
Dietmar KÖSTER;NA;NA;NA;NA;NA;NA;NA;NA;NA;NA;NA;NA;NA
Hans-Olaf HENKEL;356;1;2;0;0;0;29;2;219;83;1;0;0
Bernd KÖLMEL;313;0;4;0;0;0;6;4;242;27;1;0;0
Beatrix von STORCH;743;2;0;0;0;0;81;7;215;106;4;0;0
Martina WERNER;24;0;0;0;0;0;10;3;0;15;0;0;0
Joachim STARBATTY;293;2;0;0;0;0;6;4;230;16;1;0;0
Fulvio MARTUSCIELLO;NA;NA;NA;NA;NA;NA;NA;NA;NA;NA;NA;NA;NA
Ulrike TREBESIUS;174;0;2;0;0;0;7;2;97;6;0;0;0
Marcus PRETZELL;138;1;0;0;0;0;11;3;62;15;0;0;0
Isabella ADINOLFI;NA;NA;NA;NA;NA;NA;NA;NA;NA;NA;NA;NA;NA
Udo VOIGT;168;0;0;0;0;0;0;2;19;71;0;2;0
Laura FERRARA;NA;NA;NA;NA;NA;NA;NA;NA;NA;NA;NA;NA;NA
Martin SONNEBORN;NA;NA;NA;NA;NA;NA;NA;NA;NA;NA;NA;NA;NA
Rosa D'AMATO;NA;NA;NA;NA;NA;NA;NA;NA;NA;NA;NA;NA;NA
Maria NOICHL;NA;NA;NA;NA;NA;NA;NA;NA;NA;NA;NA;NA;NA
Joachim SCHUSTER;NA;NA;NA;NA;NA;NA;NA;NA;NA;NA;NA;NA;NA
Susanne MELIOR;23;0;0;0;0;0;3;4;0;4;0;0;0
Arne LIETZ;71;0;5;1;0;0;78;3;0;2;0;0;0
Jakob von WEIZSÄCKER;17;0;0;1;0;0;3;1;0;8;0;0;0
Iris HOFFMANN;6;0;1;1;0;0;1;1;4;4;0;0;0
Daniela AIUTO;68;7;4;3;0;0;26;19;0;119;2;2;0
Tomislav DONCHEV;NA;NA;NA;NA;NA;NA;NA;NA;NA;NA;NA;NA;NA
Piernicola PEDICINI;NA;NA;NA;NA;NA;NA;NA;NA;NA;NA;NA;NA;NA
Pina PICIERNO;NA;NA;NA;NA;NA;NA;NA;NA;NA;NA;NA;NA;NA
Elena GENTILE;452;11;1;0;0;0;63;9;698;60;1;0;0
Maria HEUBUCH;0;1;0;0;0;0;0;0;0;0;0;0;0
Massimo PAOLUCCI;32;2;0;0;0;0;4;5;0;45;0;0;0
Emil RADEV;NA;NA;NA;NA;NA;NA;NA;NA;NA;NA;NA;NA;NA
Nicola CAPUTO;1556;55;5;1;0;0;224;28;1190;421;2;38;0
Sergei STANISHEV;NA;NA;NA;NA;NA;NA;NA;NA;NA;NA;NA;NA;NA
Salvatore Domenico POGLIESE;658;4;0;0;0;0;3;17;135;114;1;4;0
Salvatore CICU;522;21;1;2;0;0;17;5;37;41;0;1;0
Georgi PIRINSKI;73;3;5;4;0;0;5;11;0;20;1;1;0
Ignazio CORRAO;NA;NA;NA;NA;NA;NA;NA;NA;NA;NA;NA;NA;NA
Peter KOUROUMBASHEV;19;0;0;1;0;0;1;5;0;6;1;0;0
Fabio DE MASI;43;9;0;0;0;0;28;16;0;150;0;0;0
Giulia MOI;74;1;0;1;0;0;4;8;0;155;0;2;0
Renato SORU;151;4;1;1;0;0;40;4;34;31;0;0;0
Caterina CHINNICI;NA;NA;NA;NA;NA;NA;NA;NA;NA;NA;NA;NA;NA
Ulrike MÜLLER;NA;NA;NA;NA;NA;NA;NA;NA;NA;NA;NA;NA;NA
Stefan ECK;61;8;2;3;0;0;37;43;0;60;0;1;0
Michela GIUFFRIDA;309;6;1;1;0;0;132;19;522;89;1;0;0
Ilhan KYUCHYUK;NA;NA;NA;NA;NA;NA;NA;NA;NA;NA;NA;NA;NA
Brando BENIFEI;NA;NA;NA;NA;NA;NA;NA;NA;NA;NA;NA;NA;NA
Alessia Maria MOSCA;444;6;2;2;0;0;175;12;100;96;0;1;0
Gianluca BUONANNO;821;7;0;1;0;0;4;10;0;290;0;230;0
Jeppe KOFOD;136;3;1;5;0;0;100;4;30;83;0;1;0
Nikolay BAREKOV;29;2;0;0;0;0;2;15;0;10;0;0;0
Morten PETERSEN;NA;NA;NA;NA;NA;NA;NA;NA;NA;NA;NA;NA;NA
Angel DZHAMBAZKI;NA;NA;NA;NA;NA;NA;NA;NA;NA;NA;NA;NA;NA
Bolesław G. PIECHA;29;0;2;0;0;0;12;10;0;3;0;0;0
Anders VISTISEN;NA;NA;NA;NA;NA;NA;NA;NA;NA;NA;NA;NA;NA
Rikke-Louise KARLSSON;20;1;0;0;0;0;1;7;0;21;0;1;0
Jadwiga WIŚNIEWSKA;NA;NA;NA;NA;NA;NA;NA;NA;NA;NA;NA;NA;NA
Jørn DOHRMANN;30;0;0;3;0;0;8;3;1;153;0;0;0
Janusz KORWIN-MIKKE;191;0;0;0;0;0;1;0;13;11;0;0;0
Ulla TØRNÆS;7;2;0;0;0;0;0;3;0;28;0;0;0
Marek PLURA;21;9;0;1;0;0;2;8;0;13;1;0;0
Dawid Bohdan JACKIEWICZ;20;0;0;0;0;0;1;1;0;12;0;0;0
Krystyna ŁYBACKA;106;1;1;2;0;0;151;2;17;41;0;0;0
Kosma ZŁOTOWSKI;NA;NA;NA;NA;NA;NA;NA;NA;NA;NA;NA;NA;NA
Robert Jarosław IWASZKIEWICZ;44;0;0;0;0;0;5;2;8;19;1;0;0
Karol KARSKI;NA;NA;NA;NA;NA;NA;NA;NA;NA;NA;NA;NA;NA
Gabriele PREUSS;3;0;0;0;0;0;7;5;1;25;0;1;0
Agnieszka KOZŁOWSKA;147;2;6;1;0;0;151;11;106;115;1;0;0
Adam SZEJNFELD;393;1;4;3;0;0;228;10;187;182;1;0;0
Zdzisław KRASNODĘBSKI;NA;NA;NA;NA;NA;NA;NA;NA;NA;NA;NA;NA;NA
Marek JUREK;328;0;0;0;0;0;22;2;0;14;0;0;0
Bogdan Andrzej ZDROJEWSKI;307;2;14;3;0;0;80;2;60;41;0;0;0
Michał MARUSIK;43;0;0;0;0;0;1;2;0;35;0;1;0
Krzysztof HETMAN;NA;NA;NA;NA;NA;NA;NA;NA;NA;NA;NA;NA;NA
Michał BONI;77;2;5;7;0;0;19;15;0;24;1;1;0
Stanisław OŻÓG;54;2;0;0;0;0;13;6;1;61;0;0;0
Julia PITERA;53;1;2;1;0;0;44;6;0;29;1;0;0
Andrzej DUDA;10;0;0;19;0;0;2;1;0;6;0;0;0
Beata GOSIEWSKA;161;1;0;0;0;0;13;4;8;15;0;0;0
Jana ŽITŇANSKÁ;419;14;3;1;0;0;212;7;308;79;1;0;0
Stanisław ŻÓŁTEK;17;0;0;0;0;0;1;1;0;0;0;1;0
Bogdan Brunon WENTA;148;10;2;3;0;0;258;4;0;32;0;0;0
József NAGY;414;5;0;3;0;0;180;5;156;28;1;0;0
Branislav ŠKRIPEK;673;6;1;5;0;0;217;3;606;24;1;0;0
Richard SULÍK;404;3;0;0;0;0;1;4;932;197;1;3;0
Ivan ŠTEFANEC;NA;NA;NA;NA;NA;NA;NA;NA;NA;NA;NA;NA;NA
Pál CSÁKY;341;4;0;0;0;0;12;8;250;55;3;0;0
Josep-Maria TERRICABRAS;111;3;2;1;0;0;44;23;2;208;0;0;0
Ernest MARAGALL;88;2;1;1;0;0;35;2;0;123;0;0;0
Monika VANA;NA;NA;NA;NA;NA;NA;NA;NA;NA;NA;NA;NA;NA
Michel REIMON;35;0;0;1;0;0;54;3;0;17;0;0;0
Maria ARENA;NA;NA;NA;NA;NA;NA;NA;NA;NA;NA;NA;NA;NA
Peter ERIKSSON;27;0;0;1;0;0;11;1;0;5;0;0;0
Janice ATKINSON;100;0;0;0;0;0;4;0;0;24;0;2;0
Diane JAMES;508;1;0;0;0;0;1;1;107;1;0;0;0
Patrick O'FLYNN;62;0;0;0;0;0;1;0;0;6;0;0;0
Raymond FINCH;46;0;0;0;0;0;2;0;0;102;0;0;0
Molly SCOTT CATO;NA;NA;NA;NA;NA;NA;NA;NA;NA;NA;NA;NA;NA
Andrew LEWER;18;3;1;0;0;0;12;3;1;6;0;0;0
Clare MOODY;53;2;4;1;0;0;15;1;0;32;0;0;0
Margot PARKER;417;0;0;0;0;0;1;2;768;134;0;0;0
Edouard MARTIN;52;2;1;1;0;0;27;14;145;25;0;0;0
Siôn SIMON;903;9;1;0;0;0;100;2;564;493;0;0;0
Lucy ANDERSON;61;4;1;1;0;0;2;6;1;65;0;0;0
Jill SEYMOUR;363;0;0;0;0;0;1;0;617;14;0;0;0
Bill ETHERIDGE;294;0;0;0;0;0;1;0;252;47;0;0;0
Seb DANCE;NA;NA;NA;NA;NA;NA;NA;NA;NA;NA;NA;NA;NA
Jude KIRTON-DARLING;NA;NA;NA;NA;NA;NA;NA;NA;NA;NA;NA;NA;NA
Paul BRANNEN;35;0;0;0;0;0;12;5;0;34;0;0;0
Jane COLLINS;324;0;0;0;0;0;1;1;177;12;0;0;0
Amjad BASHIR;49;0;0;1;0;0;14;2;0;6;0;0;0
Mike HOOKEM;270;0;0;0;0;0;1;0;423;30;0;0;0
Jonathan ARNOTT;1141;0;0;0;0;0;2;0;1161;164;0;0;0
Ian DUNCAN;119;6;0;0;0;0;8;5;0;29;0;0;0
Theresa GRIFFIN;NA;NA;NA;NA;NA;NA;NA;NA;NA;NA;NA;NA;NA
Afzal KHAN;843;2;0;0;0;0;146;3;14;69;0;0;0
Julie WARD;NA;NA;NA;NA;NA;NA;NA;NA;NA;NA;NA;NA;NA
Louise BOURS;53;0;0;0;0;0;1;1;0;5;0;0;0
Nathan GILL;NA;NA;NA;NA;NA;NA;NA;NA;NA;NA;NA;NA;NA
Steven WOOLFE;140;0;0;0;0;0;1;0;22;78;0;0;0
David COBURN;353;0;0;0;0;0;2;1;0;17;0;0;0
Therese COMODINI CACHIA;721;5;3;0;0;0;129;4;21;81;0;0;0
Anneliese DODDS;0;3;0;0;0;0;0;0;0;0;0;0;0
Miriam DALLI;NA;NA;NA;NA;NA;NA;NA;NA;NA;NA;NA;NA;NA
James CARVER;710;0;0;0;0;0;2;0;909;81;1;0;0
Ernest URTASUN;NA;NA;NA;NA;NA;NA;NA;NA;NA;NA;NA;NA;NA
Gerolf ANNEMANS;NA;NA;NA;NA;NA;NA;NA;NA;NA;NA;NA;NA;NA
Lynn BOYLAN;0;5;0;0;0;0;0;0;1010;0;0;0;0
Luke Ming FLANAGAN;NA;NA;NA;NA;NA;NA;NA;NA;NA;NA;NA;NA;NA
Matt CARTHY;NA;NA;NA;NA;NA;NA;NA;NA;NA;NA;NA;NA;NA
Liadh NÍ RIADA;519;3;6;3;0;0;38;19;929;163;2;0;0
Deirdre CLUNE;NA;NA;NA;NA;NA;NA;NA;NA;NA;NA;NA;NA;NA
Fredrick FEDERLEY;NA;NA;NA;NA;NA;NA;NA;NA;NA;NA;NA;NA;NA
Lars ADAKTUSSON;132;2;0;0;0;0;78;3;51;11;1;0;0
Jytte GUTELAND;NA;NA;NA;NA;NA;NA;NA;NA;NA;NA;NA;NA;NA
Malin BJÖRK;NA;NA;NA;NA;NA;NA;NA;NA;NA;NA;NA;NA;NA
Bodil VALERO;145;0;3;5;0;0;272;19;10;108;0;0;0
Max ANDERSSON;51;0;0;3;0;0;4;2;7;33;0;0;0
Kristina WINBERG;104;0;0;0;0;0;9;1;0;11;2;0;0
Peter LUNDGREN;NA;NA;NA;NA;NA;NA;NA;NA;NA;NA;NA;NA;NA
Soraya POST;134;2;3;3;0;0;192;23;2;40;1;0;0
Harald VILIMSKY;NA;NA;NA;NA;NA;NA;NA;NA;NA;NA;NA;NA;NA
Hugues BAYET;993;15;1;4;0;0;179;18;405;492;0;3;0
Igor ŠOLTES;620;18;0;0;0;0;0;0;150;0;0;0;0
Franc BOGOVIČ;NA;NA;NA;NA;NA;NA;NA;NA;NA;NA;NA;NA;NA
Javier NART;NA;NA;NA;NA;NA;NA;NA;NA;NA;NA;NA;NA;NA
Francisco de Paula GAMBUS MILLET;593;4;5;2;0;0;51;8;599;245;0;0;0
Daniel BUDA;NA;NA;NA;NA;NA;NA;NA;NA;NA;NA;NA;NA;NA
Momchil NEKOV;293;8;3;1;0;0;124;15;153;103;2;0;0
Claudia SCHMIDT;40;0;5;3;0;0;1;3;2;33;0;0;0
Eugen FREUND;99;0;0;1;0;0;20;6;33;6;0;0;0
Cora van NIEUWENHUIZEN;47;0;0;3;0;0;0;6;12;23;0;0;0
Paul TANG;NA;NA;NA;NA;NA;NA;NA;NA;NA;NA;NA;NA;NA
Agnes JONGERIUS;NA;NA;NA;NA;NA;NA;NA;NA;NA;NA;NA;NA;NA
Matthijs van MILTENBURG;39;0;4;1;0;0;19;3;0;25;0;1;0
Anja HAZEKAMP;NA;NA;NA;NA;NA;NA;NA;NA;NA;NA;NA;NA;NA
Barbara KAPPEL;1019;5;2;4;0;0;14;14;824;162;1;4;0
Marcel de GRAAFF;NA;NA;NA;NA;NA;NA;NA;NA;NA;NA;NA;NA;NA
Angelika MLINAR;109;7;8;5;0;0;13;22;0;23;0;0;0
Esteban GONZÁLEZ PONS;NA;NA;NA;NA;NA;NA;NA;NA;NA;NA;NA;NA;NA
Olaf STUGER;86;0;0;0;0;0;1;9;0;57;0;6;0
Hans JANSEN;5;1;0;0;0;0;1;7;0;4;0;1;0
Annie SCHREIJER-PIERIK;NA;NA;NA;NA;NA;NA;NA;NA;NA;NA;NA;NA;NA
Pablo IGLESIAS;322;1;0;0;0;0;31;4;0;352;0;0;0
Ramón Luis VALCÁRCEL SISO;0;2;0;0;0;0;0;0;1024;0;0;0;0
Teresa RODRIGUEZ-RUBIO;72;0;0;0;0;0;5;0;0;13;0;0;0
Carlos JIMÉNEZ VILLAREJO;2;0;0;0;0;0;1;0;0;0;0;0;0
Lola SÁNCHEZ CALDENTEY;944;1;9;1;0;0;262;23;934;269;1;0;0
Pablo ECHENIQUE;90;0;0;0;0;0;5;0;0;18;0;0;0
Anne-Marie MINEUR;47;0;0;0;0;0;21;12;51;70;0;0;0
Maite PAGAZAURTUNDÚA;NA;NA;NA;NA;NA;NA;NA;NA;NA;NA;NA;NA;NA
Fernando MAURA BARANDIARÁN;29;3;2;0;0;0;53;1;0;169;0;0;0
Beatriz BECERRA BASTERRECHEA;297;9;4;2;0;0;377;18;224;254;1;1;0
Soledad CABEZÓN RUIZ;397;4;3;4;0;0;46;5;314;91;0;1;0
Javi LÓPEZ;NA;NA;NA;NA;NA;NA;NA;NA;NA;NA;NA;NA;NA
Inma RODRÍGUEZ-PIÑERO;NA;NA;NA;NA;NA;NA;NA;NA;NA;NA;NA;NA;NA
José BLANCO LÓPEZ;1116;22;3;2;0;0;114;4;966;539;0;0;0
Clara AGUILERA;NA;NA;NA;NA;NA;NA;NA;NA;NA;NA;NA;NA;NA
Jonás FERNÁNDEZ;NA;NA;NA;NA;NA;NA;NA;NA;NA;NA;NA;NA;NA
Paloma LÓPEZ BERMEJO;978;6;1;1;0;0;147;24;997;429;1;3;0
Marina ALBIOL GUZMÁN;1032;3;1;0;0;0;118;32;478;407;1;0;0
Maria Lidia SENRA RODRÍGUEZ;1116;6;0;1;0;0;86;18;1103;306;1;1;0
Ángela VALLINA;681;6;2;3;0;0;113;16;841;214;1;0;0
Josu JUARISTI ABAUNZ;133;4;1;0;0;0;57;19;7;182;1;1;0
Juan Carlos GIRAUTA VIDAL;160;2;0;0;0;0;102;5;0;71;0;0;0
Jordi Vicent SEBASTIA TALAVERA;74;12;3;0;0;0;61;5;0;169;0;0;0
Kostas CHRYSOGONOS;0;6;0;0;0;0;0;0;734;0;0;0;0
Georgios KATROUGKALOS;9;0;0;0;0;0;12;0;0;23;0;0;0
Georgios KYRTSOS;NA;NA;NA;NA;NA;NA;NA;NA;NA;NA;NA;NA;NA
Maria SPYRAKI;NA;NA;NA;NA;NA;NA;NA;NA;NA;NA;NA;NA;NA
Elissavet VOZEMBERG-VRIONIDI;NA;NA;NA;NA;NA;NA;NA;NA;NA;NA;NA;NA;NA
Theodoros ZAGORAKIS;NA;NA;NA;NA;NA;NA;NA;NA;NA;NA;NA;NA;NA
Manolis KEFALOGIANNIS;NA;NA;NA;NA;NA;NA;NA;NA;NA;NA;NA;NA;NA
Notis MARIAS;2540;1;3;3;0;0;121;3;960;165;0;0;0
Lampros FOUNTOULIS;0;2;0;0;0;0;0;0;1235;0;0;0;0
Georgios EPITIDEIOS;1213;3;0;0;0;0;1;8;1128;250;1;0;0
Eleftherios SYNADINOS;1154;7;0;0;0;0;0;1;1129;183;0;0;0
Sotirios ZARIANOPOULOS;306;0;0;0;0;0;0;0;254;122;0;2;0
Sofia SAKORAFA;115;3;1;5;0;0;112;31;53;106;1;0;0
Kostadinka KUNEVA;69;4;2;1;0;0;159;23;6;85;1;0;0
Kostas PAPADAKIS;NA;NA;NA;NA;NA;NA;NA;NA;NA;NA;NA;NA;NA
Liliana RODRIGUES;566;3;1;1;0;0;73;8;760;52;2;0;0
Miguel VIEGAS;1252;4;3;4;0;0;27;16;1239;561;1;0;0
José Inácio FARIA;407;13;1;2;0;0;107;14;36;94;2;0;0
Patricija ŠULIN;725;51;1;3;0;0;215;11;606;105;3;12;0
Romana TOMC;NA;NA;NA;NA;NA;NA;NA;NA;NA;NA;NA;NA;NA
Helga STEVENS;202;6;5;6;0;0;16;9;102;48;0;0;0
Johan VAN OVERTVELDT;NA;NA;NA;NA;NA;NA;NA;NA;NA;NA;NA;NA;NA
Claude ROLIN;980;1;7;1;0;0;194;11;404;143;0;0;0
Louis IDE;NA;NA;NA;NA;NA;NA;NA;NA;NA;NA;NA;NA;NA
Eva KAILI;NA;NA;NA;NA;NA;NA;NA;NA;NA;NA;NA;NA;NA
Nikos ANDROULAKIS;NA;NA;NA;NA;NA;NA;NA;NA;NA;NA;NA;NA;NA
Giorgos GRAMMATIKAKIS;26;0;1;1;0;0;3;1;0;23;0;0;0
Miltiadis KYRKOS;55;3;1;0;0;0;24;25;0;49;1;1;0
Iskra MIHAYLOVA;NA;NA;NA;NA;NA;NA;NA;NA;NA;NA;NA;NA;NA
Curzio MALTESE;38;1;4;0;0;0;36;15;0;32;3;0;0
Eleonora FORENZA;170;4;2;3;0;0;85;28;4;80;2;1;0
Bronis ROPĖ;NA;NA;NA;NA;NA;NA;NA;NA;NA;NA;NA;NA;NA
Marco ZULLO;NA;NA;NA;NA;NA;NA;NA;NA;NA;NA;NA;NA;NA
Massimiliano SALINI;NA;NA;NA;NA;NA;NA;NA;NA;NA;NA;NA;NA;NA
Philippe LOISEAU;0;8;0;0;0;0;0;0;987;0;0;0;0
Jiří POSPÍŠIL;NA;NA;NA;NA;NA;NA;NA;NA;NA;NA;NA;NA;NA
Javier COUSO PERMUY;1000;0;1;1;0;0;106;13;1006;422;1;0;0
Tania GONZÁLEZ PEÑAS;988;4;3;0;0;0;229;22;1280;256;1;1;0
Linnéa ENGSTRÖM;0;2;0;0;0;0;0;0;2;0;0;0;0
Sander LOONES;139;0;6;4;0;0;2;5;86;36;0;0;0
Urmas PAET;NA;NA;NA;NA;NA;NA;NA;NA;NA;NA;NA;NA;NA
Tom VANDENKENDELAERE;NA;NA;NA;NA;NA;NA;NA;NA;NA;NA;NA;NA;NA
Emilian PAVEL;57;9;3;6;0;0;51;13;223;15;0;0;0
Enrique CALVET CHAMBON;81;5;3;2;0;0;10;7;16;75;0;0;0
Hilde VAUTMANS;NA;NA;NA;NA;NA;NA;NA;NA;NA;NA;NA;NA;NA
Stelios KOULOGLOU;NA;NA;NA;NA;NA;NA;NA;NA;NA;NA;NA;NA;NA
Damiano ZOFFOLI;75;4;4;1;0;0;84;7;6;79;1;0;0
Miguel URBÁN CRESPO;NA;NA;NA;NA;NA;NA;NA;NA;NA;NA;NA;NA;NA
Estefanía TORRES MARTÍNEZ;0;0;0;0;0;0;0;0;0;0;0;0;0
Mihai ŢURCANU;124;2;0;1;0;0;0;4;109;9;2;0;0
Pirkko RUOHONEN-LERNER;NA;NA;NA;NA;NA;NA;NA;NA;NA;NA;NA;NA;NA
Edward CZESAK;405;4;0;1;0;0;8;3;178;68;0;0;0
Karoline GRASWANDER-HAINZ;42;0;2;0;0;0;13;15;29;16;1;0;0
Stefano MAULLU;45;2;1;0;0;0;0;2;169;75;1;6;0
Jasenko SELIMOVIC;199;1;1;3;0;0;195;6;62;114;0;1;0
Xabier BENITO ZILUAGA;620;0;0;0;0;0;204;15;1105;116;1;0;0
María Teresa GIMÉNEZ BARBAT;52;2;1;1;0;0;123;7;16;104;0;0;0
Czesław HOC;64;0;0;1;0;0;3;0;1;43;0;0;0
Sławomir KŁOSOWSKI;8;0;0;0;0;0;3;0;0;1;0;0;0
João PIMENTA LOPES;NA;NA;NA;NA;NA;NA;NA;NA;NA;NA;NA;NA;NA
Lieve WIERINCK;124;0;2;0;0;0;3;3;939;13;0;0;0
Jakop G. DALUNDE;NA;NA;NA;NA;NA;NA;NA;NA;NA;NA;NA;NA;NA
Angelo CIOCCA;NA;NA;NA;NA;NA;NA;NA;NA;NA;NA;NA;NA;NA
Ivica TOLIĆ;97;0;0;0;0;0;6;5;565;7;4;0;0
Željana ZOVKO;NA;NA;NA;NA;NA;NA;NA;NA;NA;NA;NA;NA;NA
Tiemo WÖLKEN;NA;NA;NA;NA;NA;NA;NA;NA;NA;NA;NA;NA;NA
John PROCTER;0;0;0;0;0;0;0;0;0;3;0;0;0
Alex MAYER;74;0;0;0;0;0;3;4;47;44;0;0;0
Jordi SOLÉ;NA;NA;NA;NA;NA;NA;NA;NA;NA;NA;NA;NA;NA
Arndt KOHN;20;0;3;8;0;0;0;0;1;2;0;0;0
Patricia LALONDE;10;0;0;0;0;0;94;1;16;10;1;0;0
André ELISSEN;32;0;0;0;0;0;0;0;0;26;0;0;0
Rupert MATTHEWS;15;0;0;0;0;0;0;0;0;40;0;0;0
John FLACK;10;0;1;0;0;0;1;5;1;10;0;0;0
Wajid KHAN;41;0;0;1;0;0;8;4;15;12;1;0;0
John HOWARTH;NA;NA;NA;NA;NA;NA;NA;NA;NA;NA;NA;NA;NA
Christelle LETARD-LECHEVALIER;20;0;0;0;0;0;0;0;468;8;0;1;0
Marie-Pierre VIEU;16;0;0;1;0;0;30;7;91;11;1;0;0
Jonathan BULLOCK;NA;NA;NA;NA;NA;NA;NA;NA;NA;NA;NA;NA;NA
Francis ZAMMIT DIMECH;29;0;2;0;0;0;66;0;650;25;0;0;0
Dennis RADTKE;NA;NA;NA;NA;NA;NA;NA;NA;NA;NA;NA;NA;NA
France JAMET;NA;NA;NA;NA;NA;NA;NA;NA;NA;NA;NA;NA;NA
Baroness Nosheena MOBARIK;NA;NA;NA;NA;NA;NA;NA;NA;NA;NA;NA;NA;NA
Răzvan POPA;0;0;0;0;0;0;0;0;304;28;0;0;0
Jiří PAYNE;14;0;0;0;0;0;0;0;5;5;0;0;0
Asim ADEMOV;NA;NA;NA;NA;NA;NA;NA;NA;NA;NA;NA;NA;NA
Rory PALMER;NA;NA;NA;NA;NA;NA;NA;NA;NA;NA;NA;NA;NA
Thomas WAITZ;NA;NA;NA;NA;NA;NA;NA;NA;NA;NA;NA;NA;NA
Martin SCHIRDEWAN;NA;NA;NA;NA;NA;NA;NA;NA;NA;NA;NA;NA;NA
Jörg MEUTHEN;NA;NA;NA;NA;NA;NA;NA;NA;NA;NA;NA;NA;NA
Caroline NAGTEGAAL;NA;NA;NA;NA;NA;NA;NA;NA;NA;NA;NA;NA;NA
Lukas MANDL;NA;NA;NA;NA;NA;NA;NA;NA;NA;NA;NA;NA;NA
Geoffroy DIDIER;NA;NA;NA;NA;NA;NA;NA;NA;NA;NA;NA;NA;NA
Michael DETJEN;16;0;1;0;0;0;0;0;2;3;0;0;0
Maria Gabriela ZOANĂ;61;0;2;1;0;0;0;2;253;34;1;0;0
Jacques COLOMBIER;26;0;0;0;0;0;0;0;68;3;0;0;0
Elsi KATAINEN;NA;NA;NA;NA;NA;NA;NA;NA;NA;NA;NA;NA;NA
Miroslavs MITROFANOVS;9;0;0;2;0;0;0;1;0;0;0;0;0
Dobromir SOŚNIERZ;159;0;0;0;0;0;0;0;0;3;0;0;0
Aleksander GABELIC;7;0;0;0;0;0;4;0;53;3;0;0;0
Giuseppe FERRANDINO;NA;NA;NA;NA;NA;NA;NA;NA;NA;NA;NA;NA;NA
Danilo Oscar LANCINI;NA;NA;NA;NA;NA;NA;NA;NA;NA;NA;NA;NA;NA
Karine GLOANEC MAURIN;8;0;2;0;0;0;0;0;59;3;0;0;0
Mirja VEHKAPERÄ;5;0;0;0;0;0;29;0;0;1;0;0;0
Romeo FRANZ;NA;NA;NA;NA;NA;NA;NA;NA;NA;NA;NA;NA;NA
Tilly METZ;NA;NA;NA;NA;NA;NA;NA;NA;NA;NA;NA;NA;NA
Christophe HANSEN;NA;NA;NA;NA;NA;NA;NA;NA;NA;NA;NA;NA;NA
Giovanni MICCICHÈ;NA;NA;NA;NA;NA;NA;NA;NA;NA;NA;NA;NA;NA
Igor GRÄZIN;0;0;0;0;0;0;0;0;0;0;1;0;0
Stefan GEHROLD;4;0;0;0;0;0;0;1;0;0;1;0;0
Anders SELLSTRÖM;1;0;0;0;0;0;22;0;11;0;1;0;0
Ralph PACKET;23;0;1;0;0;0;0;0;12;2;0;0;0
Babette WINTER;4;0;0;1;0;0;1;1;0;1;0;0;0
Aleksejs LOSKUTOVS;1;0;0;0;0;0;0;0;0;1;0;0;0
